,Gender,Age,stress,heartbeat,anxiety,sleep,concentration,sadness,irritation,isolation,headaches,illness,weight,workload,competition,confidence_performance,confidence_subjects,activities,attendance,teacher_diff,work_env,home_env,relationships,relaxation,stresstype
0,0,20,3,4,2,5,2,2,1,1,2,3,2,5,1,2,1,3,1,3,1,1,2,4,Eustress (Positive Stress) - Stress that motivates and enhances performance.
1,0,20,2,3,2,1,4,2,1,2,1,1,2,1,2,3,2,1,4,3,2,1,4,1,Eustress (Positive Stress) - Stress that motivates and enhances performance.
2,0,20,5,4,2,2,2,3,4,3,3,2,1,4,5,4,1,1,2,2,2,1,2,2,Eustress (Positive Stress) - Stress that motivates and enhances performance.
3,1,20,3,4,3,2,3,5,4,4,3,2,3,1,2,2,1,1,5,1,1,1,3,2,Eustress (Positive Stress) - Stress that motivates and enhances performance.
4,0,20,3,3,3,2,4,4,4,1,4,1,2,1,2,2,4,2,2,2,3,2,1,1,Eustress (Positive Stress) - Stress that motivates and enhances performance.
5,0,20,3,4,3,2,1,3,4,2,3,1,4,2,3,3,2,4,4,2,3,2,2,1,Eustress (Positive Stress) - Stress that motivates and enhances performance.
6,0,20,2,2,1,4,1,3,4,2,3,4,2,1,3,4,3,3,3,4,4,3,4,2,Eustress (Positive Stress) - Stress that motivates and enhances performance.
7,0,20,5,5,5,2,1,2,1,4,2,2,5,1,2,3,1,1,1,1,4,4,1,2,Eustress (Positive Stress) - Stress that motivates and enhances performance.
8,0,20,3,2,1,5,1,2,1,2,5,3,1,3,3,4,3,1,5,4,4,4,4,2,Eustress (Positive Stress) - Stress that motivates and enhances performance.
9,0,21,3,4,2,1,2,3,1,3,2,4,2,2,2,1,1,2,4,1,1,1,1,1,No Stress - Currently experiencing minimal to no stress.
10,1,19,2,1,2,4,2,4,2,1,3,3,1,1,2,1,1,2,3,1,1,1,2,1,No Stress - Currently experiencing minimal to no stress.
11,1,20,5,3,2,4,2,4,4,3,3,4,1,1,5,1,1,2,3,5,1,1,3,1,Eustress (Positive Stress) - Stress that motivates and enhances performance.
12,0,20,3,4,2,2,1,1,1,1,2,1,2,1,3,3,2,3,3,2,4,5,2,3,Eustress (Positive Stress) - Stress that motivates and enhances performance.
13,0,18,3,2,2,3,1,1,4,1,3,1,2,2,3,5,4,4,1,4,2,3,1,1,Eustress (Positive Stress) - Stress that motivates and enhances performance.
14,0,20,5,2,2,2,1,1,1,1,2,1,1,5,2,1,1,1,4,3,2,1,2,2,Eustress (Positive Stress) - Stress that motivates and enhances performance.
15,1,19,4,4,3,5,3,5,2,2,2,3,3,1,2,3,2,2,2,3,4,2,3,1,Eustress (Positive Stress) - Stress that motivates and enhances performance.
16,0,18,3,2,1,1,1,3,3,4,5,5,3,2,1,4,4,1,2,4,3,3,3,3,Eustress (Positive Stress) - Stress that motivates and enhances performance.
17,0,19,4,5,4,4,2,1,2,1,3,1,3,1,1,3,1,3,5,3,3,2,2,1,Eustress (Positive Stress) - Stress that motivates and enhances performance.
18,1,18,1,1,4,4,1,2,1,2,3,3,2,5,5,5,5,3,3,5,5,5,5,5,Eustress (Positive Stress) - Stress that motivates and enhances performance.
19,0,19,3,4,1,4,3,3,2,4,2,4,1,1,3,1,2,2,2,1,2,1,1,1,Eustress (Positive Stress) - Stress that motivates and enhances performance.
20,0,18,3,4,2,2,1,2,3,1,2,3,1,1,4,3,3,3,4,5,3,3,3,3,Eustress (Positive Stress) - Stress that motivates and enhances performance.
21,1,20,1,2,2,4,5,5,4,5,1,5,2,5,4,4,1,1,3,2,3,1,4,1,Eustress (Positive Stress) - Stress that motivates and enhances performance.
22,1,19,2,3,3,2,1,1,1,2,1,1,1,1,1,3,4,3,4,3,3,3,2,3,Eustress (Positive Stress) - Stress that motivates and enhances performance.
23,0,19,2,2,2,3,3,3,4,3,2,3,3,2,2,3,1,3,5,4,3,3,5,3,Eustress (Positive Stress) - Stress that motivates and enhances performance.
24,0,18,5,5,3,4,1,1,2,1,3,4,2,1,3,5,1,4,3,5,5,5,5,5,Eustress (Positive Stress) - Stress that motivates and enhances performance.
25,1,19,1,1,2,3,3,3,2,4,3,3,2,1,1,3,1,1,3,4,3,2,2,1,Eustress (Positive Stress) - Stress that motivates and enhances performance.
26,0,19,3,4,1,3,3,3,2,1,4,3,3,1,3,5,5,3,3,5,3,3,2,3,Eustress (Positive Stress) - Stress that motivates and enhances performance.
27,0,19,3,4,2,4,5,5,4,1,4,5,3,5,2,5,5,1,3,3,5,5,5,2,Distress (Negative Stress) - Stress that causes anxiety and impairs well-being.
28,0,21,4,4,4,4,1,2,3,1,5,3,2,1,2,2,2,2,2,3,1,2,1,3,Eustress (Positive Stress) - Stress that motivates and enhances performance.
29,1,19,3,2,2,2,3,3,3,5,3,5,2,1,2,4,4,1,4,3,3,3,1,3,Eustress (Positive Stress) - Stress that motivates and enhances performance.
30,0,19,4,4,4,2,2,5,2,5,3,5,1,1,5,2,1,3,1,2,1,4,3,2,Eustress (Positive Stress) - Stress that motivates and enhances performance.
31,0,14,2,2,1,4,3,2,5,2,3,2,1,2,3,3,1,2,4,4,2,4,5,5,Eustress (Positive Stress) - Stress that motivates and enhances performance.
32,0,19,2,3,1,2,3,3,2,4,2,4,2,3,1,1,2,1,1,1,1,2,1,2,No Stress - Currently experiencing minimal to no stress.
33,0,19,5,4,3,4,4,2,3,3,4,4,3,3,2,1,5,1,2,2,5,2,3,1,Eustress (Positive Stress) - Stress that motivates and enhances performance.
34,1,17,3,3,4,4,2,1,5,4,4,4,2,4,3,2,3,4,3,2,2,2,3,3,Eustress (Positive Stress) - Stress that motivates and enhances performance.
35,0,20,4,3,3,1,4,2,4,2,4,1,3,2,2,2,1,2,2,1,1,3,1,1,Eustress (Positive Stress) - Stress that motivates and enhances performance.
36,0,21,4,4,2,4,5,4,4,4,5,4,2,4,4,3,3,2,5,4,3,4,3,4,Distress (Negative Stress) - Stress that causes anxiety and impairs well-being.
37,1,19,5,4,3,4,1,4,2,4,1,2,3,3,1,1,1,1,3,3,1,1,2,4,Eustress (Positive Stress) - Stress that motivates and enhances performance.
38,1,36,3,2,1,1,5,5,4,4,5,3,3,4,4,3,4,3,3,2,2,2,4,2,Eustress (Positive Stress) - Stress that motivates and enhances performance.
39,0,21,3,2,4,3,5,2,1,2,2,3,4,1,2,3,1,1,3,2,2,4,2,1,Eustress (Positive Stress) - Stress that motivates and enhances performance.
40,0,21,3,4,4,1,4,4,4,5,3,4,2,4,5,1,2,3,4,1,1,1,5,3,Eustress (Positive Stress) - Stress that motivates and enhances performance.
41,1,19,3,2,1,2,4,2,3,2,1,3,1,3,4,1,4,3,5,2,2,2,5,2,Eustress (Positive Stress) - Stress that motivates and enhances performance.
42,0,19,4,4,2,3,4,3,3,2,2,5,3,4,1,1,2,4,3,3,1,2,2,1,Eustress (Positive Stress) - Stress that motivates and enhances performance.
43,1,20,5,4,2,3,3,3,3,3,3,3,1,3,3,3,3,1,3,3,3,3,3,3,Eustress (Positive Stress) - Stress that motivates and enhances performance.
44,1,19,4,3,3,3,4,3,2,1,1,3,4,3,4,2,3,3,3,3,1,3,4,2,Eustress (Positive Stress) - Stress that motivates and enhances performance.
45,1,19,3,4,2,1,2,2,1,1,1,1,3,1,1,2,3,1,3,2,2,2,1,1,No Stress - Currently experiencing minimal to no stress.
46,1,19,4,4,3,5,5,5,5,5,5,5,3,5,5,5,5,2,2,5,5,5,5,5,Distress (Negative Stress) - Stress that causes anxiety and impairs well-being.
47,0,20,1,1,2,1,2,3,2,2,1,2,1,2,1,1,2,4,3,3,1,2,2,1,No Stress - Currently experiencing minimal to no stress.
48,0,22,5,2,2,2,2,1,2,3,2,2,2,1,1,1,2,5,5,1,2,2,2,1,Eustress (Positive Stress) - Stress that motivates and enhances performance.
49,0,19,4,4,2,2,2,2,5,2,2,2,2,2,1,1,1,3,4,2,2,3,2,3,Eustress (Positive Stress) - Stress that motivates and enhances performance.
50,1,19,4,5,4,2,2,5,1,2,2,3,2,3,2,5,2,1,3,2,1,3,2,1,Eustress (Positive Stress) - Stress that motivates and enhances performance.
51,1,19,3,2,2,2,2,3,2,2,2,4,1,4,2,3,2,5,5,2,2,3,2,1,Eustress (Positive Stress) - Stress that motivates and enhances performance.
52,1,18,4,2,5,2,3,3,2,2,2,1,3,3,2,2,2,3,5,2,2,2,2,2,Eustress (Positive Stress) - Stress that motivates and enhances performance.
53,1,28,2,2,1,2,2,2,3,2,3,1,3,1,2,1,1,4,5,3,2,2,2,2,Eustress (Positive Stress) - Stress that motivates and enhances performance.
54,0,19,3,4,2,3,3,2,3,3,2,2,5,4,3,2,2,2,5,4,3,2,4,3,Eustress (Positive Stress) - Stress that motivates and enhances performance.
55,0,20,4,3,2,1,4,4,2,2,2,4,5,1,2,1,1,5,1,1,2,5,1,1,Eustress (Positive Stress) - Stress that motivates and enhances performance.
56,0,20,4,4,4,4,2,2,2,1,2,1,4,3,2,4,3,1,3,1,2,5,3,2,Eustress (Positive Stress) - Stress that motivates and enhances performance.
57,0,19,5,5,2,4,2,3,4,1,4,1,2,1,1,1,2,5,5,4,1,5,5,1,Eustress (Positive Stress) - Stress that motivates and enhances performance.
58,0,19,4,3,2,1,5,4,2,1,2,3,2,1,2,3,2,4,4,3,1,5,1,2,Eustress (Positive Stress) - Stress that motivates and enhances performance.
59,0,21,4,2,3,2,3,3,4,4,5,4,3,3,3,1,1,5,4,3,3,2,2,3,Eustress (Positive Stress) - Stress that motivates and enhances performance.
60,0,41,2,1,4,2,4,3,1,1,1,3,2,3,3,1,2,2,4,1,2,5,1,1,Eustress (Positive Stress) - Stress that motivates and enhances performance.
61,1,18,3,3,3,3,4,4,1,4,2,2,2,3,2,4,1,5,5,1,2,3,3,2,Eustress (Positive Stress) - Stress that motivates and enhances performance.
62,1,21,2,2,5,2,5,4,2,4,2,3,1,3,2,2,3,1,4,4,1,1,2,1,Eustress (Positive Stress) - Stress that motivates and enhances performance.
63,1,32,4,3,1,3,3,2,3,1,4,1,4,1,2,2,1,3,2,1,1,1,5,1,Eustress (Positive Stress) - Stress that motivates and enhances performance.
64,1,20,3,2,3,2,3,2,2,3,2,4,2,3,2,3,4,4,3,4,4,2,4,2,Eustress (Positive Stress) - Stress that motivates and enhances performance.
65,1,21,4,2,3,1,3,4,1,1,2,4,2,3,3,2,3,4,4,1,1,1,2,1,Eustress (Positive Stress) - Stress that motivates and enhances performance.
66,0,19,2,2,3,2,3,2,4,2,3,1,1,5,4,2,1,2,2,1,2,3,3,2,Eustress (Positive Stress) - Stress that motivates and enhances performance.
67,0,19,2,2,3,4,4,4,4,2,4,2,5,3,2,2,3,2,5,4,2,2,3,5,Eustress (Positive Stress) - Stress that motivates and enhances performance.
68,0,19,5,5,5,2,5,4,1,1,3,2,1,3,2,4,3,5,3,1,2,3,3,2,Eustress (Positive Stress) - Stress that motivates and enhances performance.
69,0,20,3,2,3,4,4,3,5,5,5,3,3,3,3,1,1,2,5,1,2,2,3,3,Eustress (Positive Stress) - Stress that motivates and enhances performance.
70,0,19,4,3,3,4,4,1,4,2,1,1,2,3,2,2,1,5,3,2,2,1,2,1,Eustress (Positive Stress) - Stress that motivates and enhances performance.
71,0,18,3,2,2,2,1,1,1,5,1,1,2,5,5,2,3,4,5,5,5,3,5,5,Eustress (Positive Stress) - Stress that motivates and enhances performance.
72,1,18,3,4,4,2,1,5,2,3,5,4,2,3,1,3,3,3,3,3,1,2,3,3,Eustress (Positive Stress) - Stress that motivates and enhances performance.
73,0,37,3,2,3,4,4,5,5,4,5,4,5,2,4,2,2,4,3,2,3,3,3,4,Distress (Negative Stress) - Stress that causes anxiety and impairs well-being.
74,0,15,2,1,3,4,3,2,1,2,1,1,1,1,2,3,2,1,3,3,2,1,2,3,Eustress (Positive Stress) - Stress that motivates and enhances performance.
75,0,19,4,5,3,4,3,1,2,3,3,1,2,2,2,4,3,4,5,1,1,4,2,3,Eustress (Positive Stress) - Stress that motivates and enhances performance.
76,0,21,5,4,4,4,4,2,4,2,4,3,4,4,2,1,1,4,4,1,3,4,1,1,Eustress (Positive Stress) - Stress that motivates and enhances performance.
77,0,21,3,2,1,4,3,1,1,1,3,1,2,5,3,2,3,2,1,1,4,2,1,4,Eustress (Positive Stress) - Stress that motivates and enhances performance.
78,0,21,2,1,5,5,5,1,5,2,5,4,3,3,1,4,3,2,3,1,2,1,1,2,Eustress (Positive Stress) - Stress that motivates and enhances performance.
79,0,21,2,3,1,5,1,4,2,3,1,3,2,2,1,1,1,3,3,1,2,3,1,2,Eustress (Positive Stress) - Stress that motivates and enhances performance.
80,0,19,4,4,4,2,3,2,2,2,2,1,3,3,4,4,3,4,3,2,3,2,2,5,Eustress (Positive Stress) - Stress that motivates and enhances performance.
81,0,21,4,3,2,2,2,2,5,5,2,3,1,3,1,1,1,2,3,1,2,1,1,3,Eustress (Positive Stress) - Stress that motivates and enhances performance.
82,0,21,2,1,3,3,3,4,2,3,2,3,2,4,2,1,3,3,3,3,2,2,2,2,Eustress (Positive Stress) - Stress that motivates and enhances performance.
83,0,22,4,4,2,2,2,1,3,2,2,1,2,1,2,5,5,2,4,2,2,5,5,4,Eustress (Positive Stress) - Stress that motivates and enhances performance.
84,1,20,2,1,5,3,1,2,1,1,1,1,2,4,2,3,5,4,4,3,4,1,2,3,Eustress (Positive Stress) - Stress that motivates and enhances performance.
85,1,20,2,2,1,2,3,2,4,2,3,3,1,3,2,4,5,2,4,2,1,3,3,4,Eustress (Positive Stress) - Stress that motivates and enhances performance.
86,0,21,2,3,4,1,2,3,3,3,3,3,2,3,1,3,2,3,4,1,2,2,1,5,Eustress (Positive Stress) - Stress that motivates and enhances performance.
87,0,19,4,3,3,3,3,2,5,1,4,3,2,1,3,3,4,3,4,2,2,1,2,1,Eustress (Positive Stress) - Stress that motivates and enhances performance.
88,0,20,4,3,4,2,4,4,2,2,4,4,2,3,2,1,2,1,3,2,1,3,4,1,Eustress (Positive Stress) - Stress that motivates and enhances performance.
89,1,20,4,4,2,2,3,1,5,1,4,3,5,1,1,4,3,2,3,3,1,4,5,1,Eustress (Positive Stress) - Stress that motivates and enhances performance.
90,0,19,1,3,2,5,5,5,5,1,5,5,2,4,2,2,1,2,3,1,1,2,3,1,Eustress (Positive Stress) - Stress that motivates and enhances performance.
91,0,22,2,2,3,3,1,2,5,4,5,1,5,3,3,2,2,4,2,1,1,2,2,1,Eustress (Positive Stress) - Stress that motivates and enhances performance.
92,1,19,4,4,1,3,2,2,1,2,2,3,2,1,2,5,5,2,4,4,2,3,3,2,Eustress (Positive Stress) - Stress that motivates and enhances performance.
93,0,20,2,3,2,1,2,5,4,2,2,2,2,3,5,3,2,2,3,1,1,2,3,1,Eustress (Positive Stress) - Stress that motivates and enhances performance.
94,0,19,2,1,2,2,2,2,1,4,3,3,4,3,3,2,2,2,2,2,2,2,4,3,Eustress (Positive Stress) - Stress that motivates and enhances performance.
95,1,20,3,4,3,2,2,3,1,1,2,2,4,1,2,4,4,4,4,2,5,2,1,2,Eustress (Positive Stress) - Stress that motivates and enhances performance.
96,1,20,2,3,3,5,1,1,1,1,3,1,3,3,2,3,2,4,4,2,3,2,1,3,Eustress (Positive Stress) - Stress that motivates and enhances performance.
97,0,21,3,3,3,1,3,4,2,4,2,3,4,4,3,4,4,4,3,2,2,3,3,2,Eustress (Positive Stress) - Stress that motivates and enhances performance.
98,0,15,4,3,2,3,2,1,2,1,1,2,4,1,2,5,4,3,3,5,1,1,1,1,Eustress (Positive Stress) - Stress that motivates and enhances performance.
99,1,17,4,3,5,3,1,3,3,3,2,2,2,1,2,3,2,2,5,5,4,4,2,3,Eustress (Positive Stress) - Stress that motivates and enhances performance.
100,0,21,2,2,1,4,1,1,1,5,4,1,2,4,1,3,3,2,2,5,1,1,1,2,Eustress (Positive Stress) - Stress that motivates and enhances performance.
101,0,18,4,2,3,3,1,1,3,1,2,2,2,3,1,3,4,1,4,5,3,3,2,2,Eustress (Positive Stress) - Stress that motivates and enhances performance.
102,0,21,2,2,2,4,4,3,2,2,4,3,3,3,3,3,2,1,3,2,1,5,3,1,Eustress (Positive Stress) - Stress that motivates and enhances performance.
103,1,20,3,2,2,2,1,3,1,1,1,3,2,1,2,2,3,4,3,5,1,1,1,2,Eustress (Positive Stress) - Stress that motivates and enhances performance.
104,0,20,3,4,4,2,4,3,1,3,1,2,1,1,2,4,3,1,4,3,4,1,2,1,Eustress (Positive Stress) - Stress that motivates and enhances performance.
105,0,19,3,2,2,5,4,3,1,2,3,2,3,4,1,1,1,2,5,1,2,2,1,3,Eustress (Positive Stress) - Stress that motivates and enhances performance.
106,0,28,4,5,4,3,1,1,4,5,4,2,2,1,1,4,3,2,5,1,2,1,1,1,Eustress (Positive Stress) - Stress that motivates and enhances performance.
107,0,18,1,1,1,4,3,3,1,4,3,2,1,4,4,1,1,1,1,2,3,2,2,4,Eustress (Positive Stress) - Stress that motivates and enhances performance.
108,1,19,1,2,1,4,1,3,4,2,2,3,1,1,1,2,2,2,4,1,2,3,1,3,Eustress (Positive Stress) - Stress that motivates and enhances performance.
109,0,19,4,2,2,5,2,5,4,3,3,4,1,1,2,1,1,1,1,3,2,2,2,1,Eustress (Positive Stress) - Stress that motivates and enhances performance.
110,0,19,3,4,3,3,2,3,1,3,1,2,3,4,2,1,5,3,5,2,2,5,5,3,Eustress (Positive Stress) - Stress that motivates and enhances performance.
111,1,20,3,2,2,3,1,3,3,3,4,2,4,1,2,2,3,5,3,3,4,3,2,3,Eustress (Positive Stress) - Stress that motivates and enhances performance.
112,1,20,2,2,1,3,5,3,1,3,4,3,3,1,2,3,3,3,5,2,1,2,3,1,Eustress (Positive Stress) - Stress that motivates and enhances performance.
113,0,18,3,3,4,3,1,2,2,2,1,1,3,1,1,5,5,4,4,1,2,1,1,1,Eustress (Positive Stress) - Stress that motivates and enhances performance.
114,0,20,4,4,4,4,4,1,2,3,2,2,3,2,3,4,2,2,3,3,2,2,4,3,Eustress (Positive Stress) - Stress that motivates and enhances performance.
115,1,21,2,3,1,5,3,3,1,3,2,2,2,2,3,2,2,2,3,2,3,3,3,3,Eustress (Positive Stress) - Stress that motivates and enhances performance.
116,0,18,5,5,5,4,4,4,5,3,3,4,5,3,2,5,5,5,4,3,2,3,2,2,Distress (Negative Stress) - Stress that causes anxiety and impairs well-being.
117,1,19,2,1,1,3,1,2,1,2,2,2,1,1,1,1,1,1,3,1,3,1,1,2,No Stress - Currently experiencing minimal to no stress.
118,1,17,4,3,4,4,4,4,4,4,3,4,4,3,4,3,4,4,2,4,4,3,3,3,Distress (Negative Stress) - Stress that causes anxiety and impairs well-being.
119,1,19,3,3,1,1,2,4,3,1,2,3,2,2,3,3,4,2,5,4,1,1,1,1,Eustress (Positive Stress) - Stress that motivates and enhances performance.
120,1,18,4,3,4,5,3,4,4,4,1,4,2,4,2,3,1,2,3,2,2,4,2,3,Eustress (Positive Stress) - Stress that motivates and enhances performance.
121,0,20,3,3,4,4,3,2,1,2,2,1,4,2,2,2,1,1,1,1,4,1,2,3,Eustress (Positive Stress) - Stress that motivates and enhances performance.
122,0,18,5,5,5,4,4,5,4,5,4,4,5,5,1,5,5,5,3,3,1,2,1,1,Distress (Negative Stress) - Stress that causes anxiety and impairs well-being.
123,0,18,2,3,1,2,1,2,2,1,4,4,4,1,5,3,2,2,2,2,4,2,5,3,Eustress (Positive Stress) - Stress that motivates and enhances performance.
124,1,20,4,3,5,4,3,4,3,2,5,3,3,2,1,3,4,4,3,1,1,1,1,1,Eustress (Positive Stress) - Stress that motivates and enhances performance.
125,1,19,2,3,2,1,1,1,3,4,2,4,3,2,4,1,3,3,3,3,3,1,1,2,Eustress (Positive Stress) - Stress that motivates and enhances performance.
126,1,20,3,2,3,4,2,3,4,4,4,5,2,3,4,2,3,3,3,5,4,1,2,3,Eustress (Positive Stress) - Stress that motivates and enhances performance.
127,0,19,3,2,1,1,1,1,1,2,2,3,2,1,1,2,2,4,4,3,2,4,2,3,Eustress (Positive Stress) - Stress that motivates and enhances performance.
128,0,19,2,1,3,2,1,4,3,2,3,3,2,4,3,2,2,3,1,3,2,1,1,3,Eustress (Positive Stress) - Stress that motivates and enhances performance.
129,0,20,2,2,5,3,4,3,1,4,3,3,3,4,1,2,1,1,2,3,3,1,5,3,Eustress (Positive Stress) - Stress that motivates and enhances performance.
130,0,18,3,2,2,4,2,1,2,2,4,3,3,1,2,1,1,3,3,2,1,1,1,2,Eustress (Positive Stress) - Stress that motivates and enhances performance.
131,0,18,2,1,5,3,2,3,1,4,3,4,3,2,2,3,2,1,1,1,2,2,4,3,Eustress (Positive Stress) - Stress that motivates and enhances performance.
132,0,21,2,2,5,5,4,2,1,4,5,5,2,2,1,3,1,1,3,3,2,2,3,3,Eustress (Positive Stress) - Stress that motivates and enhances performance.
133,0,18,3,4,5,1,3,3,4,3,1,4,2,3,5,2,3,3,2,4,4,3,4,3,Eustress (Positive Stress) - Stress that motivates and enhances performance.
134,1,24,2,3,1,2,1,2,2,4,3,3,5,2,1,1,4,5,5,2,2,1,1,2,Eustress (Positive Stress) - Stress that motivates and enhances performance.
135,0,21,3,4,4,2,3,5,2,4,2,4,3,3,4,4,2,2,1,4,4,3,4,4,Eustress (Positive Stress) - Stress that motivates and enhances performance.
136,0,21,1,2,1,2,3,3,4,1,3,1,2,2,3,3,2,2,2,4,3,2,2,1,Eustress (Positive Stress) - Stress that motivates and enhances performance.
137,0,19,4,2,1,2,1,2,1,2,2,5,2,1,4,2,3,5,4,4,4,4,3,4,Eustress (Positive Stress) - Stress that motivates and enhances performance.
138,0,18,3,2,1,1,1,1,2,4,1,4,1,2,1,2,1,1,1,2,1,2,3,2,No Stress - Currently experiencing minimal to no stress.
139,1,20,2,2,2,3,3,2,2,5,3,4,1,4,4,1,3,3,4,5,4,5,4,5,Eustress (Positive Stress) - Stress that motivates and enhances performance.
140,0,20,3,4,2,3,3,3,3,1,2,2,2,4,2,5,3,2,2,2,4,1,1,1,Eustress (Positive Stress) - Stress that motivates and enhances performance.
141,1,20,2,3,3,2,2,3,2,5,3,4,2,5,3,1,1,4,2,4,3,2,3,2,Eustress (Positive Stress) - Stress that motivates and enhances performance.
142,1,19,1,1,1,1,2,1,3,5,1,1,2,2,3,2,1,1,1,1,3,2,1,2,No Stress - Currently experiencing minimal to no stress.
143,0,19,2,1,3,4,3,3,4,4,4,4,4,4,4,1,1,1,4,3,2,2,2,4,Eustress (Positive Stress) - Stress that motivates and enhances performance.
144,0,17,3,2,2,1,2,1,1,1,1,1,3,2,1,1,1,2,4,1,1,3,1,5,No Stress - Currently experiencing minimal to no stress.
145,0,17,3,3,1,3,2,2,1,2,3,2,1,3,3,1,1,2,3,4,2,1,1,3,Eustress (Positive Stress) - Stress that motivates and enhances performance.
146,0,18,3,3,1,1,1,1,4,2,5,3,1,3,1,1,1,3,5,3,3,1,4,2,Eustress (Positive Stress) - Stress that motivates and enhances performance.
147,0,20,3,3,1,1,1,2,3,4,1,4,1,4,2,2,4,5,4,1,2,4,2,3,Eustress (Positive Stress) - Stress that motivates and enhances performance.
148,0,18,3,3,4,3,3,1,3,3,2,4,3,2,1,1,1,1,5,3,2,1,4,3,Eustress (Positive Stress) - Stress that motivates and enhances performance.
149,0,18,4,2,1,3,2,4,1,3,1,3,2,4,4,1,1,1,5,3,4,1,3,1,Eustress (Positive Stress) - Stress that motivates and enhances performance.
150,1,19,3,2,4,3,2,2,1,3,3,1,4,2,2,1,5,5,4,3,2,1,1,1,Eustress (Positive Stress) - Stress that motivates and enhances performance.
151,1,18,3,3,4,3,1,2,4,4,2,3,3,4,2,2,2,2,4,4,4,2,3,4,Eustress (Positive Stress) - Stress that motivates and enhances performance.
152,0,20,3,3,1,1,1,4,1,5,5,2,1,4,4,1,2,3,2,5,4,1,2,1,Eustress (Positive Stress) - Stress that motivates and enhances performance.
153,0,20,2,3,3,3,4,3,4,4,4,3,2,3,3,3,1,2,4,4,3,2,3,2,Eustress (Positive Stress) - Stress that motivates and enhances performance.
154,0,20,3,3,1,3,1,1,1,3,2,2,2,4,1,5,2,1,4,3,4,1,2,1,Eustress (Positive Stress) - Stress that motivates and enhances performance.
155,0,19,2,3,2,5,2,3,1,4,3,5,3,4,3,2,5,4,5,4,4,2,5,3,Eustress (Positive Stress) - Stress that motivates and enhances performance.
156,0,19,2,3,2,3,2,3,4,1,3,3,3,1,3,4,3,3,4,1,1,3,3,3,Eustress (Positive Stress) - Stress that motivates and enhances performance.
157,0,20,2,2,1,3,2,1,1,5,3,2,2,2,1,1,1,3,4,5,2,1,2,4,Eustress (Positive Stress) - Stress that motivates and enhances performance.
158,0,20,5,2,5,3,2,1,1,4,3,1,3,4,1,1,1,5,1,4,4,1,1,1,Eustress (Positive Stress) - Stress that motivates and enhances performance.
159,0,19,2,3,1,2,1,3,1,4,2,2,1,5,3,2,2,1,2,4,5,4,2,4,Eustress (Positive Stress) - Stress that motivates and enhances performance.
160,0,19,1,1,4,1,3,3,2,2,3,3,1,1,3,1,1,1,1,2,1,1,3,1,No Stress - Currently experiencing minimal to no stress.
161,0,19,3,4,3,3,3,2,2,4,3,3,4,5,2,2,3,2,4,4,5,2,3,1,Eustress (Positive Stress) - Stress that motivates and enhances performance.
162,1,20,3,2,4,4,2,2,3,1,3,1,1,5,2,5,2,3,2,1,5,2,1,4,Eustress (Positive Stress) - Stress that motivates and enhances performance.
163,1,21,4,2,1,2,1,3,1,4,2,3,2,4,3,2,3,2,2,4,4,2,3,1,Eustress (Positive Stress) - Stress that motivates and enhances performance.
164,1,19,3,2,4,4,4,2,3,1,4,1,2,1,2,3,2,3,2,1,1,2,1,1,Eustress (Positive Stress) - Stress that motivates and enhances performance.
165,1,24,3,2,2,4,1,2,2,2,1,2,2,2,2,1,1,2,4,2,2,1,2,5,Eustress (Positive Stress) - Stress that motivates and enhances performance.
166,1,20,3,2,3,4,1,1,1,3,4,1,1,2,1,4,3,3,3,3,2,3,1,4,Eustress (Positive Stress) - Stress that motivates and enhances performance.
167,0,19,2,3,3,2,2,1,3,4,2,2,2,4,1,3,2,2,4,4,4,3,2,4,Eustress (Positive Stress) - Stress that motivates and enhances performance.
168,0,19,4,3,4,5,1,3,1,3,2,3,4,1,3,2,3,3,4,3,1,2,3,2,Eustress (Positive Stress) - Stress that motivates and enhances performance.
169,0,19,2,2,1,2,2,2,4,5,3,1,3,5,2,1,1,1,3,5,5,1,1,4,Eustress (Positive Stress) - Stress that motivates and enhances performance.
170,0,20,2,2,3,4,3,2,3,1,2,2,3,2,2,3,4,3,3,1,2,1,2,4,Eustress (Positive Stress) - Stress that motivates and enhances performance.
171,0,19,4,3,4,1,2,1,1,2,2,1,3,2,1,1,4,1,2,2,2,1,1,5,Eustress (Positive Stress) - Stress that motivates and enhances performance.
172,0,18,3,4,2,1,5,1,3,2,2,1,1,5,1,5,5,3,4,2,5,4,1,4,Eustress (Positive Stress) - Stress that motivates and enhances performance.
173,0,19,4,3,3,5,3,4,3,2,4,2,2,2,4,5,3,1,3,2,2,3,2,4,Eustress (Positive Stress) - Stress that motivates and enhances performance.
174,0,19,2,2,5,5,2,1,1,1,1,1,3,2,1,1,2,4,3,1,2,4,1,1,Eustress (Positive Stress) - Stress that motivates and enhances performance.
175,1,19,3,3,5,1,1,2,1,3,2,2,1,2,2,2,5,2,4,3,2,4,2,2,Eustress (Positive Stress) - Stress that motivates and enhances performance.
176,1,19,1,2,5,3,2,2,3,2,2,5,3,2,2,3,3,3,4,2,2,3,5,1,Eustress (Positive Stress) - Stress that motivates and enhances performance.
177,1,19,2,2,3,2,3,2,3,3,3,2,2,4,2,5,4,1,3,3,4,2,2,4,Eustress (Positive Stress) - Stress that motivates and enhances performance.
178,1,20,4,2,3,5,3,2,2,2,2,3,3,1,2,2,3,5,3,2,1,2,3,2,Eustress (Positive Stress) - Stress that motivates and enhances performance.
179,1,20,3,2,2,2,1,1,2,1,3,1,2,2,1,1,5,4,4,1,2,1,1,2,No Stress - Currently experiencing minimal to no stress.
180,1,20,1,1,2,1,3,3,3,3,4,4,3,2,3,1,1,4,4,3,2,1,4,2,Eustress (Positive Stress) - Stress that motivates and enhances performance.
181,1,19,3,4,3,5,1,3,1,2,1,3,1,3,3,3,3,3,3,2,3,4,3,4,Eustress (Positive Stress) - Stress that motivates and enhances performance.
182,1,19,1,2,3,2,4,2,3,3,2,2,3,2,2,1,3,4,3,3,2,1,2,3,Eustress (Positive Stress) - Stress that motivates and enhances performance.
183,1,20,3,3,2,3,1,1,3,1,4,1,1,3,1,3,4,4,4,1,3,2,1,4,Eustress (Positive Stress) - Stress that motivates and enhances performance.
184,1,20,4,3,2,1,2,4,1,4,1,3,1,4,4,3,5,1,3,4,4,2,3,4,Eustress (Positive Stress) - Stress that motivates and enhances performance.
185,1,20,2,2,1,3,2,1,3,1,4,4,3,2,1,4,3,4,1,1,2,1,4,3,Eustress (Positive Stress) - Stress that motivates and enhances performance.
186,1,20,5,2,2,3,1,1,1,3,1,3,2,3,1,1,3,4,4,3,3,2,3,3,Eustress (Positive Stress) - Stress that motivates and enhances performance.
187,0,21,4,3,2,1,2,2,2,5,2,3,1,3,2,3,3,4,2,5,3,1,3,2,Eustress (Positive Stress) - Stress that motivates and enhances performance.
188,1,19,2,2,1,3,1,1,1,2,1,4,3,4,1,1,3,3,3,2,4,3,4,4,Eustress (Positive Stress) - Stress that motivates and enhances performance.
189,0,20,3,2,2,2,3,2,5,3,1,3,1,3,2,2,2,3,2,3,3,5,3,3,Eustress (Positive Stress) - Stress that motivates and enhances performance.
190,0,21,3,3,4,3,5,3,3,3,2,2,3,1,3,4,3,4,5,3,1,3,2,3,Eustress (Positive Stress) - Stress that motivates and enhances performance.
191,1,19,3,2,3,2,5,2,4,3,3,1,1,1,2,5,5,4,4,3,1,4,1,5,Eustress (Positive Stress) - Stress that motivates and enhances performance.
192,0,22,2,3,4,2,2,4,4,4,4,4,4,2,3,3,4,1,5,3,4,2,4,2,Eustress (Positive Stress) - Stress that motivates and enhances performance.
193,0,21,1,1,2,1,5,3,4,3,1,1,1,1,2,1,3,5,3,2,2,2,3,2,Eustress (Positive Stress) - Stress that motivates and enhances performance.
194,0,22,4,4,2,1,5,5,5,5,5,5,2,1,5,5,5,5,4,5,5,5,5,5,Distress (Negative Stress) - Stress that causes anxiety and impairs well-being.
195,0,20,1,3,2,1,5,1,5,1,1,2,3,4,3,3,5,4,2,1,3,1,3,3,Eustress (Positive Stress) - Stress that motivates and enhances performance.
196,1,22,4,2,2,3,5,3,3,1,1,3,3,4,4,4,5,4,2,4,3,3,2,2,Eustress (Positive Stress) - Stress that motivates and enhances performance.
197,0,22,4,3,4,1,1,4,3,2,1,1,4,5,4,1,5,1,1,4,3,2,3,2,Eustress (Positive Stress) - Stress that motivates and enhances performance.
198,0,19,3,2,3,5,4,3,5,3,4,4,4,3,2,5,5,3,4,1,1,5,1,2,Eustress (Positive Stress) - Stress that motivates and enhances performance.
199,0,19,1,1,1,1,2,3,3,2,1,1,4,3,2,2,2,3,4,3,3,4,4,2,Eustress (Positive Stress) - Stress that motivates and enhances performance.
200,0,19,1,2,1,1,4,5,4,1,5,1,2,3,4,4,4,4,5,1,3,2,4,3,Eustress (Positive Stress) - Stress that motivates and enhances performance.
201,0,19,2,3,2,2,1,3,3,4,1,1,2,3,2,1,4,4,2,2,5,3,1,4,Eustress (Positive Stress) - Stress that motivates and enhances performance.
202,0,19,2,3,3,5,5,5,5,4,5,5,1,4,4,5,5,5,3,2,3,3,2,2,Distress (Negative Stress) - Stress that causes anxiety and impairs well-being.
203,1,20,2,3,3,1,2,1,1,3,2,2,2,1,1,1,2,4,4,2,1,1,1,2,No Stress - Currently experiencing minimal to no stress.
204,1,19,3,3,3,5,5,2,3,4,5,5,2,3,3,2,3,4,4,3,4,1,1,2,Eustress (Positive Stress) - Stress that motivates and enhances performance.
205,0,19,2,3,3,2,2,1,5,5,3,2,2,2,5,1,3,3,3,3,2,3,1,2,Eustress (Positive Stress) - Stress that motivates and enhances performance.
206,0,19,4,4,2,2,3,2,4,4,2,3,3,4,4,4,4,3,2,4,1,3,3,2,Eustress (Positive Stress) - Stress that motivates and enhances performance.
207,1,20,3,3,2,3,1,1,3,2,2,3,2,1,3,2,1,3,4,3,3,4,2,3,Eustress (Positive Stress) - Stress that motivates and enhances performance.
208,1,21,3,3,3,3,5,4,5,5,5,5,1,4,5,3,4,4,3,3,5,4,3,3,Distress (Negative Stress) - Stress that causes anxiety and impairs well-being.
209,1,19,2,3,3,1,3,1,4,1,2,2,1,4,1,1,5,4,4,3,4,1,2,4,Eustress (Positive Stress) - Stress that motivates and enhances performance.
210,1,19,3,2,3,4,3,4,3,1,3,1,2,3,3,5,4,3,3,4,2,5,3,1,Eustress (Positive Stress) - Stress that motivates and enhances performance.
211,0,21,3,3,3,1,1,2,2,2,1,3,2,3,5,2,4,4,4,4,3,2,3,4,Eustress (Positive Stress) - Stress that motivates and enhances performance.
212,0,20,3,2,3,1,2,2,2,1,4,1,1,4,2,3,2,2,2,3,3,2,4,2,Eustress (Positive Stress) - Stress that motivates and enhances performance.
213,0,19,3,2,3,2,4,3,4,2,2,4,1,3,3,2,4,4,2,3,3,1,3,3,Eustress (Positive Stress) - Stress that motivates and enhances performance.
214,0,21,4,1,1,5,5,2,5,3,1,3,3,2,3,1,4,4,3,1,1,2,1,5,Eustress (Positive Stress) - Stress that motivates and enhances performance.
215,0,19,1,3,1,5,1,2,3,2,1,1,2,1,3,4,5,2,3,3,2,5,1,2,Eustress (Positive Stress) - Stress that motivates and enhances performance.
216,0,17,1,1,2,5,1,2,2,5,3,3,3,3,3,3,4,2,5,3,3,3,3,4,Eustress (Positive Stress) - Stress that motivates and enhances performance.
217,0,100,5,5,1,2,2,4,3,3,3,3,5,3,2,3,4,5,1,4,1,1,2,1,Eustress (Positive Stress) - Stress that motivates and enhances performance.
218,0,18,2,1,3,4,4,1,4,2,5,1,3,1,2,5,1,2,5,1,1,1,5,1,Eustress (Positive Stress) - Stress that motivates and enhances performance.
219,0,19,1,2,3,2,1,2,5,1,1,1,2,3,2,1,2,2,3,4,4,2,4,2,Eustress (Positive Stress) - Stress that motivates and enhances performance.
220,0,18,2,2,2,4,1,1,4,2,4,1,5,1,2,2,2,3,5,1,2,4,3,2,Eustress (Positive Stress) - Stress that motivates and enhances performance.
221,0,19,2,2,3,3,1,2,3,3,1,2,4,2,2,4,4,3,3,1,2,2,3,3,Eustress (Positive Stress) - Stress that motivates and enhances performance.
222,0,18,2,4,4,3,4,2,3,3,1,1,4,4,4,3,3,2,4,2,3,3,4,4,Eustress (Positive Stress) - Stress that motivates and enhances performance.
223,0,18,2,2,4,2,2,4,2,2,1,1,2,1,1,1,1,3,5,2,4,1,4,3,Eustress (Positive Stress) - Stress that motivates and enhances performance.
224,0,17,2,5,3,5,3,2,2,3,1,3,4,4,4,1,5,4,4,2,4,3,4,4,Eustress (Positive Stress) - Stress that motivates and enhances performance.
225,0,18,5,1,1,2,4,3,3,2,2,2,4,1,1,2,4,3,4,1,1,1,1,1,Eustress (Positive Stress) - Stress that motivates and enhances performance.
226,1,17,2,4,3,3,3,1,4,2,2,1,3,2,1,2,3,2,4,1,1,1,1,1,Eustress (Positive Stress) - Stress that motivates and enhances performance.
227,0,18,1,4,2,3,4,3,4,5,2,1,1,3,5,2,3,4,4,1,1,1,1,1,Eustress (Positive Stress) - Stress that motivates and enhances performance.
228,0,18,1,2,1,2,1,1,1,3,1,1,2,2,2,3,3,2,4,3,5,2,4,3,Eustress (Positive Stress) - Stress that motivates and enhances performance.
229,0,19,1,3,2,3,1,1,1,3,1,2,3,1,4,4,1,5,5,1,3,4,2,5,Eustress (Positive Stress) - Stress that motivates and enhances performance.
230,0,19,5,2,3,2,1,1,1,2,1,5,5,2,3,1,4,5,5,2,1,1,2,1,Eustress (Positive Stress) - Stress that motivates and enhances performance.
231,0,19,2,5,1,2,3,2,5,2,3,1,2,3,3,2,2,2,4,1,2,2,4,3,Eustress (Positive Stress) - Stress that motivates and enhances performance.
232,0,18,1,1,1,5,5,4,3,1,1,2,3,3,4,1,2,1,4,3,3,4,3,4,Eustress (Positive Stress) - Stress that motivates and enhances performance.
233,0,19,5,4,2,3,1,1,1,1,2,1,4,2,3,3,5,3,3,1,2,1,3,3,Eustress (Positive Stress) - Stress that motivates and enhances performance.
234,0,19,2,4,3,3,3,2,2,5,1,5,2,5,5,3,3,2,4,5,5,5,5,5,Eustress (Positive Stress) - Stress that motivates and enhances performance.
235,0,18,3,4,2,2,4,4,3,3,3,1,4,1,1,2,2,5,4,1,1,2,2,1,Eustress (Positive Stress) - Stress that motivates and enhances performance.
236,0,17,1,2,1,2,3,1,2,4,1,1,1,3,5,3,4,1,1,3,3,3,3,3,Eustress (Positive Stress) - Stress that motivates and enhances performance.
237,0,19,4,4,3,1,5,5,5,4,5,5,2,4,2,1,3,4,4,1,1,1,3,4,Eustress (Positive Stress) - Stress that motivates and enhances performance.
238,0,18,4,2,1,1,1,2,1,1,1,1,3,2,3,3,4,4,4,3,3,4,3,3,Eustress (Positive Stress) - Stress that motivates and enhances performance.
239,0,19,2,3,3,2,3,3,3,2,3,2,1,5,4,3,5,2,4,3,3,1,3,3,Eustress (Positive Stress) - Stress that motivates and enhances performance.
240,1,21,4,4,4,3,4,1,1,3,1,1,4,5,5,4,3,3,3,5,5,1,5,5,Eustress (Positive Stress) - Stress that motivates and enhances performance.
241,0,20,4,3,4,3,3,4,3,1,3,1,2,2,4,1,3,5,3,1,2,1,3,3,Eustress (Positive Stress) - Stress that motivates and enhances performance.
242,1,20,5,3,3,4,3,1,3,3,3,1,3,2,5,3,3,3,4,3,3,5,3,5,Eustress (Positive Stress) - Stress that motivates and enhances performance.
243,1,21,4,4,4,4,5,1,5,2,5,5,3,5,3,1,3,5,4,2,5,5,5,5,Distress (Negative Stress) - Stress that causes anxiety and impairs well-being.
244,0,20,2,4,4,5,3,1,2,2,1,1,2,1,3,2,2,4,1,3,2,2,1,2,Eustress (Positive Stress) - Stress that motivates and enhances performance.
245,0,20,4,2,2,3,5,5,3,2,3,1,4,1,3,1,4,3,5,3,3,4,3,4,Eustress (Positive Stress) - Stress that motivates and enhances performance.
246,1,20,5,2,1,3,5,5,5,5,2,1,1,3,2,3,1,5,5,2,4,1,1,2,Eustress (Positive Stress) - Stress that motivates and enhances performance.
247,0,21,5,4,2,3,2,2,2,3,3,2,1,5,4,2,4,5,4,5,4,1,2,3,Eustress (Positive Stress) - Stress that motivates and enhances performance.
248,0,20,5,2,1,2,4,4,3,1,3,3,3,1,1,1,1,5,4,2,2,2,1,1,Eustress (Positive Stress) - Stress that motivates and enhances performance.
249,1,21,2,4,3,4,4,3,2,2,4,3,1,3,2,1,2,5,1,1,2,5,5,1,Eustress (Positive Stress) - Stress that motivates and enhances performance.
250,1,19,4,1,2,1,1,4,2,2,1,1,5,3,4,5,5,5,3,1,3,2,4,2,Eustress (Positive Stress) - Stress that motivates and enhances performance.
251,0,21,2,5,2,2,1,3,1,3,4,3,2,4,2,3,2,2,3,3,3,4,1,3,Eustress (Positive Stress) - Stress that motivates and enhances performance.
252,1,20,4,2,5,3,2,3,3,3,2,5,3,4,3,1,4,4,4,2,4,1,4,1,Eustress (Positive Stress) - Stress that motivates and enhances performance.
253,0,20,4,2,3,2,1,4,1,4,2,2,2,3,3,1,1,4,4,5,1,1,2,1,Eustress (Positive Stress) - Stress that motivates and enhances performance.
254,0,21,5,3,3,1,2,3,4,3,3,3,5,3,3,2,5,5,5,4,4,2,3,4,Eustress (Positive Stress) - Stress that motivates and enhances performance.
255,0,21,3,3,2,2,3,2,3,1,2,3,3,1,1,1,1,2,4,2,1,1,5,1,Eustress (Positive Stress) - Stress that motivates and enhances performance.
256,0,21,5,1,2,3,2,1,1,1,2,3,3,3,2,3,2,3,4,3,1,2,2,2,Eustress (Positive Stress) - Stress that motivates and enhances performance.
257,0,22,2,4,3,3,5,3,3,3,2,3,3,3,3,2,1,3,3,3,4,5,4,2,Eustress (Positive Stress) - Stress that motivates and enhances performance.
258,0,20,4,1,1,3,3,3,3,2,4,2,4,4,1,3,4,4,3,3,1,2,1,2,Eustress (Positive Stress) - Stress that motivates and enhances performance.
259,0,22,2,1,1,3,2,1,1,5,1,2,2,1,1,3,4,1,3,5,3,5,1,3,Eustress (Positive Stress) - Stress that motivates and enhances performance.
260,1,20,4,2,2,2,1,3,1,4,2,2,3,4,4,4,1,4,4,1,2,4,2,3,Eustress (Positive Stress) - Stress that motivates and enhances performance.
261,1,20,3,2,2,2,2,3,3,2,2,3,2,1,1,1,5,2,4,3,3,2,1,4,Eustress (Positive Stress) - Stress that motivates and enhances performance.
262,1,20,2,3,3,4,3,5,3,3,3,4,3,1,2,4,2,3,3,5,3,3,2,4,Eustress (Positive Stress) - Stress that motivates and enhances performance.
263,0,21,1,1,2,2,5,4,3,1,3,3,1,2,2,2,2,5,4,2,4,3,3,3,Eustress (Positive Stress) - Stress that motivates and enhances performance.
264,0,21,3,2,3,2,3,2,3,4,2,3,1,2,5,3,1,2,2,3,3,3,2,3,Eustress (Positive Stress) - Stress that motivates and enhances performance.
265,0,20,4,4,5,3,3,2,1,1,2,3,4,2,2,5,2,4,4,3,1,1,3,1,Eustress (Positive Stress) - Stress that motivates and enhances performance.
266,0,20,3,4,2,4,3,3,3,1,3,3,2,2,3,2,5,3,1,3,1,2,2,3,Eustress (Positive Stress) - Stress that motivates and enhances performance.
267,0,20,2,3,1,1,2,1,1,1,1,2,2,1,1,4,3,1,4,3,3,3,1,3,Eustress (Positive Stress) - Stress that motivates and enhances performance.
268,0,20,5,4,3,1,1,2,4,2,3,3,1,3,4,1,1,1,2,2,2,1,3,4,Eustress (Positive Stress) - Stress that motivates and enhances performance.
269,0,20,3,4,3,3,3,2,1,2,3,3,3,3,3,1,1,1,5,2,5,1,2,1,Eustress (Positive Stress) - Stress that motivates and enhances performance.
270,1,20,3,3,3,3,4,4,2,3,1,3,2,2,2,2,2,3,3,2,4,4,3,4,Eustress (Positive Stress) - Stress that motivates and enhances performance.
271,0,20,3,4,2,4,2,2,2,1,3,2,4,1,1,1,1,3,4,3,2,1,1,1,Eustress (Positive Stress) - Stress that motivates and enhances performance.
272,0,20,2,2,1,1,1,2,1,1,1,3,2,1,3,2,3,2,5,4,3,2,4,1,Eustress (Positive Stress) - Stress that motivates and enhances performance.
273,0,20,5,5,5,4,2,1,2,1,2,5,5,1,1,5,2,5,5,2,3,2,4,4,Eustress (Positive Stress) - Stress that motivates and enhances performance.
274,0,20,3,2,2,1,1,1,1,5,1,1,1,4,5,2,3,2,1,2,3,2,5,1,Eustress (Positive Stress) - Stress that motivates and enhances performance.
275,1,21,3,4,1,4,3,3,3,2,5,3,2,3,5,3,2,3,1,3,3,2,3,1,Eustress (Positive Stress) - Stress that motivates and enhances performance.
276,0,19,2,1,1,2,2,1,5,2,3,3,1,4,1,1,1,3,5,1,2,1,2,1,Eustress (Positive Stress) - Stress that motivates and enhances performance.
277,1,20,5,3,2,2,4,3,3,3,3,1,1,5,5,4,3,3,3,2,3,3,3,2,Eustress (Positive Stress) - Stress that motivates and enhances performance.
278,1,20,3,4,2,2,2,4,2,5,2,1,2,1,5,2,3,2,2,1,3,2,4,4,Eustress (Positive Stress) - Stress that motivates and enhances performance.
279,0,18,3,2,2,4,1,1,4,2,4,1,2,1,2,2,2,2,1,1,2,4,3,2,Eustress (Positive Stress) - Stress that motivates and enhances performance.
280,0,20,5,2,3,3,1,2,3,3,1,2,1,2,2,4,4,2,2,1,2,2,3,3,Eustress (Positive Stress) - Stress that motivates and enhances performance.
281,0,19,4,4,4,3,4,2,3,3,1,1,3,4,4,3,3,3,5,2,3,3,4,4,Eustress (Positive Stress) - Stress that motivates and enhances performance.
282,0,18,3,2,4,2,2,4,2,2,1,1,3,1,1,1,1,3,4,2,4,1,4,3,Eustress (Positive Stress) - Stress that motivates and enhances performance.
283,0,19,4,5,3,5,3,2,2,3,1,3,3,4,4,1,5,2,4,2,4,3,4,4,Eustress (Positive Stress) - Stress that motivates and enhances performance.
284,0,18,1,1,1,2,4,3,3,2,2,2,2,1,1,2,4,1,5,1,1,1,1,1,No Stress - Currently experiencing minimal to no stress.
285,0,19,3,4,3,3,3,1,4,2,2,1,1,2,1,2,3,2,3,1,1,1,1,1,Eustress (Positive Stress) - Stress that motivates and enhances performance.
286,1,18,3,4,2,3,4,3,4,5,2,1,1,3,5,2,3,3,2,1,1,1,1,1,Eustress (Positive Stress) - Stress that motivates and enhances performance.
287,1,20,1,2,1,2,1,1,1,3,1,1,2,2,2,3,3,2,3,3,5,2,4,3,Eustress (Positive Stress) - Stress that motivates and enhances performance.
288,0,19,2,3,2,3,1,1,1,3,1,2,1,1,4,4,1,5,3,1,3,4,2,5,Eustress (Positive Stress) - Stress that motivates and enhances performance.
289,0,19,2,2,3,2,1,1,1,2,1,5,3,2,3,1,4,3,4,2,1,1,2,1,Eustress (Positive Stress) - Stress that motivates and enhances performance.
290,0,18,5,5,1,2,3,2,5,2,3,1,2,3,3,2,2,2,1,1,2,2,4,3,Eustress (Positive Stress) - Stress that motivates and enhances performance.
291,0,19,1,1,1,5,5,4,3,1,1,2,2,3,4,1,2,1,4,3,3,4,3,4,Eustress (Positive Stress) - Stress that motivates and enhances performance.
292,0,19,3,4,2,3,1,1,1,1,2,1,3,2,3,3,5,2,3,1,2,1,3,3,Eustress (Positive Stress) - Stress that motivates and enhances performance.
293,0,19,3,4,3,3,3,2,2,5,1,5,3,5,5,3,3,3,3,5,5,5,5,5,Distress (Negative Stress) - Stress that causes anxiety and impairs well-being.
294,0,21,4,4,2,2,4,4,3,3,3,1,2,1,1,2,2,3,4,1,1,2,2,1,Eustress (Positive Stress) - Stress that motivates and enhances performance.
295,0,19,3,2,1,2,3,1,2,4,1,1,2,3,5,3,4,1,2,3,3,3,3,3,Eustress (Positive Stress) - Stress that motivates and enhances performance.
296,0,19,4,4,3,1,5,5,5,4,5,5,1,4,2,1,3,3,2,1,1,1,3,4,Eustress (Positive Stress) - Stress that motivates and enhances performance.
297,0,14,2,2,1,1,1,2,1,1,1,1,1,2,3,3,4,1,5,3,3,4,3,3,Eustress (Positive Stress) - Stress that motivates and enhances performance.
298,1,19,2,3,3,2,3,3,3,2,3,2,2,5,4,3,5,2,5,3,3,1,3,3,Eustress (Positive Stress) - Stress that motivates and enhances performance.
299,1,19,5,4,4,3,4,1,1,3,1,1,3,5,5,4,3,1,5,5,5,1,5,5,Eustress (Positive Stress) - Stress that motivates and enhances performance.
300,1,17,3,3,4,3,3,4,3,1,3,1,2,2,4,1,3,2,5,1,2,1,3,3,Eustress (Positive Stress) - Stress that motivates and enhances performance.
301,1,20,4,3,3,4,3,1,3,3,3,1,3,2,5,3,3,3,2,3,3,5,3,5,Eustress (Positive Stress) - Stress that motivates and enhances performance.
302,1,21,4,4,4,4,5,1,5,2,5,5,2,5,3,1,3,1,5,2,5,5,5,5,Distress (Negative Stress) - Stress that causes anxiety and impairs well-being.
303,0,19,5,4,4,5,3,1,2,2,1,1,3,1,3,2,2,3,2,3,2,2,1,2,Eustress (Positive Stress) - Stress that motivates and enhances performance.
304,0,36,3,2,2,3,5,5,3,2,3,1,3,1,3,1,4,1,3,3,3,4,3,4,Eustress (Positive Stress) - Stress that motivates and enhances performance.
305,0,21,3,2,1,3,5,5,5,5,2,1,4,3,2,3,1,3,2,2,4,1,1,2,Eustress (Positive Stress) - Stress that motivates and enhances performance.
306,0,21,3,4,2,3,2,2,2,3,3,2,2,5,4,2,4,2,2,5,4,1,2,3,Eustress (Positive Stress) - Stress that motivates and enhances performance.
307,0,19,3,2,1,2,4,4,3,1,3,3,1,1,1,1,1,2,3,2,2,2,1,1,Eustress (Positive Stress) - Stress that motivates and enhances performance.
308,0,19,4,4,3,4,4,3,2,2,4,3,3,3,2,1,2,4,5,1,2,5,5,1,Eustress (Positive Stress) - Stress that motivates and enhances performance.
309,0,20,5,4,3,4,3,3,3,3,3,3,1,1,3,2,1,4,5,2,1,4,1,1,Eustress (Positive Stress) - Stress that motivates and enhances performance.
310,0,19,4,3,1,3,1,1,3,3,2,1,4,5,4,1,1,2,5,3,4,1,3,3,Eustress (Positive Stress) - Stress that motivates and enhances performance.
311,1,19,3,4,4,5,1,3,3,3,1,2,3,3,4,1,2,3,5,2,3,4,4,2,Eustress (Positive Stress) - Stress that motivates and enhances performance.
312,1,19,4,4,2,3,3,3,3,3,3,3,3,3,3,2,3,4,2,2,2,2,3,2,Eustress (Positive Stress) - Stress that motivates and enhances performance.
313,1,20,1,1,2,2,3,3,3,1,3,3,1,4,4,5,5,2,4,3,3,2,4,3,Eustress (Positive Stress) - Stress that motivates and enhances performance.
314,1,22,5,2,3,5,1,2,4,1,1,1,2,2,3,3,4,5,4,1,3,2,3,2,Eustress (Positive Stress) - Stress that motivates and enhances performance.
315,1,19,4,4,2,4,1,2,1,3,1,1,2,4,5,2,2,3,4,2,3,3,4,3,Eustress (Positive Stress) - Stress that motivates and enhances performance.
316,1,19,4,5,4,4,1,5,1,2,1,1,2,2,2,5,5,1,2,1,1,1,4,1,Eustress (Positive Stress) - Stress that motivates and enhances performance.
317,1,19,3,2,2,1,2,1,3,4,5,2,1,4,1,1,1,2,5,1,4,5,1,2,Eustress (Positive Stress) - Stress that motivates and enhances performance.
318,1,18,4,2,3,2,4,2,5,1,3,5,3,3,1,3,3,2,4,2,1,2,2,2,Eustress (Positive Stress) - Stress that motivates and enhances performance.
319,1,28,2,2,1,4,1,1,1,1,1,2,3,3,4,2,3,4,4,1,5,3,2,2,Eustress (Positive Stress) - Stress that motivates and enhances performance.
320,1,19,3,4,2,2,2,5,3,1,2,1,5,2,2,4,3,2,5,1,1,1,4,1,Eustress (Positive Stress) - Stress that motivates and enhances performance.
321,1,20,4,3,3,3,4,1,4,1,3,2,5,2,3,3,2,5,1,3,1,2,2,2,Eustress (Positive Stress) - Stress that motivates and enhances performance.
322,1,20,4,4,3,3,5,5,5,2,5,5,4,3,4,3,5,1,3,2,1,2,3,2,Eustress (Positive Stress) - Stress that motivates and enhances performance.
323,0,19,5,5,5,4,2,4,1,1,2,3,2,2,3,1,3,5,5,1,1,1,1,1,Eustress (Positive Stress) - Stress that motivates and enhances performance.
324,1,19,4,3,5,5,2,5,2,3,4,3,2,3,5,2,5,4,4,1,3,2,5,4,Eustress (Positive Stress) - Stress that motivates and enhances performance.
325,0,21,4,2,2,4,5,3,5,2,2,5,3,5,5,3,2,5,4,1,1,5,5,2,Eustress (Positive Stress) - Stress that motivates and enhances performance.
326,0,41,2,1,1,1,2,2,1,2,1,1,2,1,2,1,3,2,4,2,1,3,1,2,No Stress - Currently experiencing minimal to no stress.
327,1,18,3,3,2,4,4,5,1,2,1,4,2,2,4,2,2,5,5,2,1,5,2,3,Eustress (Positive Stress) - Stress that motivates and enhances performance.
328,0,21,2,2,1,1,5,3,5,4,5,4,1,4,3,1,2,1,4,2,1,4,3,2,Eustress (Positive Stress) - Stress that motivates and enhances performance.
329,0,32,4,3,1,5,2,4,1,1,3,3,4,1,4,3,4,3,2,1,1,1,5,1,Eustress (Positive Stress) - Stress that motivates and enhances performance.
330,1,20,3,2,2,3,3,2,1,2,2,2,2,2,2,2,1,4,3,2,1,1,3,1,Eustress (Positive Stress) - Stress that motivates and enhances performance.
331,1,21,4,2,1,2,2,3,1,2,1,2,2,3,3,1,2,4,4,2,1,1,2,1,Eustress (Positive Stress) - Stress that motivates and enhances performance.
332,0,19,2,2,3,1,2,2,1,2,1,3,1,1,2,1,1,2,2,2,5,3,3,4,Eustress (Positive Stress) - Stress that motivates and enhances performance.
333,1,19,2,2,4,3,2,2,3,3,2,3,5,3,2,3,3,2,5,2,2,3,2,3,Eustress (Positive Stress) - Stress that motivates and enhances performance.
334,0,19,1,4,2,1,3,2,4,1,5,3,1,1,2,5,4,5,3,5,3,5,3,5,Eustress (Positive Stress) - Stress that motivates and enhances performance.
335,0,20,2,3,2,2,3,2,2,3,2,3,3,1,1,1,3,2,5,1,2,4,2,2,Eustress (Positive Stress) - Stress that motivates and enhances performance.
336,0,19,3,3,4,1,1,2,3,1,4,2,2,1,2,2,2,5,3,2,3,2,2,2,Eustress (Positive Stress) - Stress that motivates and enhances performance.
337,0,18,4,5,2,5,1,1,2,1,2,2,2,1,2,3,1,4,5,2,2,5,2,1,Eustress (Positive Stress) - Stress that motivates and enhances performance.
338,0,18,1,4,4,4,1,1,4,2,3,2,2,1,2,2,3,3,3,2,1,1,1,2,Eustress (Positive Stress) - Stress that motivates and enhances performance.
339,1,37,4,4,3,2,1,1,3,5,2,4,5,4,2,3,5,4,3,4,2,1,2,2,Eustress (Positive Stress) - Stress that motivates and enhances performance.
340,0,15,2,2,3,3,5,5,5,3,5,5,1,4,4,2,4,1,3,3,3,1,4,2,Eustress (Positive Stress) - Stress that motivates and enhances performance.
341,1,19,2,3,3,4,3,1,2,4,2,2,2,3,1,1,1,4,5,4,5,1,1,1,Eustress (Positive Stress) - Stress that motivates and enhances performance.
342,1,21,2,2,3,3,3,2,2,1,1,3,4,1,2,1,1,4,4,2,3,1,2,2,Eustress (Positive Stress) - Stress that motivates and enhances performance.
343,1,21,4,4,3,5,3,2,1,3,1,3,2,1,2,1,1,2,1,3,2,1,3,2,Eustress (Positive Stress) - Stress that motivates and enhances performance.
344,0,21,3,4,4,4,1,2,2,1,3,2,3,1,2,4,3,2,3,2,3,5,1,2,Eustress (Positive Stress) - Stress that motivates and enhances performance.
345,0,21,3,4,3,2,1,1,1,1,1,2,2,1,3,3,3,3,3,2,2,2,3,2,Eustress (Positive Stress) - Stress that motivates and enhances performance.
346,0,19,2,1,2,3,5,3,2,3,3,2,3,1,1,5,5,4,3,2,3,3,1,5,Eustress (Positive Stress) - Stress that motivates and enhances performance.
347,0,21,5,1,5,4,2,3,1,2,1,3,1,1,3,2,4,2,3,1,2,2,1,1,Eustress (Positive Stress) - Stress that motivates and enhances performance.
348,0,21,2,1,2,3,3,4,3,2,3,1,2,4,1,2,2,3,3,2,2,3,1,2,Eustress (Positive Stress) - Stress that motivates and enhances performance.
349,0,22,3,2,2,3,1,2,1,1,1,3,2,3,1,1,5,2,4,2,2,2,1,2,Eustress (Positive Stress) - Stress that motivates and enhances performance.
350,0,20,3,4,4,4,1,2,2,3,3,2,2,1,3,1,1,4,4,3,2,1,1,4,Eustress (Positive Stress) - Stress that motivates and enhances performance.
351,1,20,2,1,1,4,1,2,2,2,4,3,1,2,2,2,3,2,4,2,3,3,1,3,Eustress (Positive Stress) - Stress that motivates and enhances performance.
352,0,21,3,4,4,4,1,2,2,2,3,3,2,1,2,2,2,3,4,1,2,2,4,1,Eustress (Positive Stress) - Stress that motivates and enhances performance.
353,0,19,2,1,1,1,2,2,3,1,2,3,2,1,1,2,3,3,4,3,2,3,3,3,Eustress (Positive Stress) - Stress that motivates and enhances performance.
354,0,20,2,2,1,1,5,4,4,2,1,2,2,2,3,2,3,1,3,1,3,1,1,2,Eustress (Positive Stress) - Stress that motivates and enhances performance.
355,0,20,5,3,5,1,5,1,1,1,1,2,5,1,2,4,4,2,3,2,3,4,2,2,Eustress (Positive Stress) - Stress that motivates and enhances performance.
356,1,19,3,2,2,4,2,1,3,3,5,2,2,3,4,2,1,2,3,2,3,2,1,2,Eustress (Positive Stress) - Stress that motivates and enhances performance.
357,0,22,3,1,4,2,4,2,5,3,3,1,5,4,3,2,2,4,2,3,4,1,3,4,Eustress (Positive Stress) - Stress that motivates and enhances performance.
358,1,19,2,2,3,2,1,1,1,2,1,1,2,3,3,5,5,2,4,2,3,3,1,1,Eustress (Positive Stress) - Stress that motivates and enhances performance.
359,1,20,2,3,3,4,2,5,3,5,2,5,2,5,5,3,2,2,3,5,5,3,5,5,Eustress (Positive Stress) - Stress that motivates and enhances performance.
360,0,19,1,3,4,3,4,1,4,1,3,3,4,1,2,2,2,2,2,1,1,2,1,2,Eustress (Positive Stress) - Stress that motivates and enhances performance.
361,0,20,1,2,3,3,1,1,3,3,2,4,4,5,3,4,4,4,4,3,3,3,3,3,Eustress (Positive Stress) - Stress that motivates and enhances performance.
362,1,20,5,5,5,5,5,5,5,4,5,4,3,2,3,3,2,4,4,1,4,1,1,1,Distress (Negative Stress) - Stress that causes anxiety and impairs well-being.
363,0,21,3,1,1,2,2,1,1,2,1,1,4,3,3,4,4,4,3,3,3,3,3,4,Eustress (Positive Stress) - Stress that motivates and enhances performance.
364,0,15,4,3,5,3,3,2,3,5,3,2,4,4,3,5,4,3,3,3,3,3,3,1,Eustress (Positive Stress) - Stress that motivates and enhances performance.
365,0,17,4,4,2,3,1,1,4,5,1,3,2,5,5,3,2,2,5,5,5,4,5,1,Eustress (Positive Stress) - Stress that motivates and enhances performance.
366,0,21,1,2,3,3,4,1,3,2,3,1,2,4,3,3,3,2,2,2,3,1,1,1,Eustress (Positive Stress) - Stress that motivates and enhances performance.
367,0,18,2,5,4,3,1,1,3,2,3,3,2,5,3,3,4,1,4,3,5,3,3,5,Eustress (Positive Stress) - Stress that motivates and enhances performance.
368,0,21,3,5,5,5,1,5,5,5,5,2,3,3,5,3,2,1,3,5,5,1,2,5,Distress (Negative Stress) - Stress that causes anxiety and impairs well-being.
369,0,20,1,2,4,3,1,1,3,1,2,2,2,3,1,2,3,4,3,2,2,2,3,2,Eustress (Positive Stress) - Stress that motivates and enhances performance.
370,0,20,3,2,5,3,5,1,5,1,3,2,1,3,3,4,3,1,4,3,4,1,3,4,Eustress (Positive Stress) - Stress that motivates and enhances performance.
371,0,19,2,5,3,5,5,1,5,3,5,5,3,2,1,1,1,2,5,4,2,3,2,1,Eustress (Positive Stress) - Stress that motivates and enhances performance.
372,0,28,2,1,3,1,2,2,2,5,2,3,2,4,2,4,3,2,5,4,3,2,5,1,Eustress (Positive Stress) - Stress that motivates and enhances performance.
373,0,18,2,1,3,3,4,3,4,1,3,1,1,1,1,1,1,1,1,2,1,1,2,2,No Stress - Currently experiencing minimal to no stress.
374,0,19,4,5,4,1,3,3,4,3,2,2,1,2,5,2,2,2,4,2,1,1,1,5,Eustress (Positive Stress) - Stress that motivates and enhances performance.
375,0,19,2,3,3,3,3,3,3,1,3,3,1,3,1,1,1,1,1,1,1,2,2,4,Eustress (Positive Stress) - Stress that motivates and enhances performance.
376,1,19,2,2,2,1,1,1,1,5,3,3,3,4,3,1,5,3,5,4,3,1,3,1,Eustress (Positive Stress) - Stress that motivates and enhances performance.
377,1,20,4,3,2,1,3,2,1,3,3,3,4,4,4,2,3,5,3,3,2,1,2,4,Eustress (Positive Stress) - Stress that motivates and enhances performance.
378,1,20,2,2,4,3,3,3,3,3,3,3,3,3,3,3,3,3,5,2,2,2,2,2,Eustress (Positive Stress) - Stress that motivates and enhances performance.
379,1,18,3,1,3,3,3,3,3,4,3,1,3,4,4,5,5,4,4,3,3,5,3,2,Eustress (Positive Stress) - Stress that motivates and enhances performance.
380,1,20,2,3,1,1,2,1,1,2,4,1,3,3,3,4,2,2,3,3,2,3,1,2,Eustress (Positive Stress) - Stress that motivates and enhances performance.
381,1,21,2,1,1,1,2,1,1,4,1,3,2,5,4,2,2,2,3,3,3,2,2,3,Eustress (Positive Stress) - Stress that motivates and enhances performance.
382,1,18,3,5,1,1,5,1,1,2,1,2,5,2,4,5,5,5,4,1,1,5,1,1,Eustress (Positive Stress) - Stress that motivates and enhances performance.
383,1,19,2,2,4,3,1,2,2,4,3,4,1,1,1,1,1,1,3,4,2,1,1,5,Eustress (Positive Stress) - Stress that motivates and enhances performance.
384,0,17,1,4,2,1,2,5,4,3,5,1,4,1,2,3,4,4,2,1,2,3,2,2,Eustress (Positive Stress) - Stress that motivates and enhances performance.
385,1,19,2,3,2,2,1,2,1,3,1,1,2,4,2,3,4,2,5,5,2,2,1,3,Eustress (Positive Stress) - Stress that motivates and enhances performance.
386,0,18,3,3,4,1,5,1,2,2,3,1,2,2,4,3,1,2,3,1,1,4,1,1,Eustress (Positive Stress) - Stress that motivates and enhances performance.
387,0,20,3,4,3,3,1,2,4,2,4,1,4,3,2,2,1,1,1,1,2,3,3,2,Eustress (Positive Stress) - Stress that motivates and enhances performance.
388,1,18,5,5,5,5,5,5,5,3,5,2,5,4,3,5,5,5,3,1,2,3,2,2,Distress (Negative Stress) - Stress that causes anxiety and impairs well-being.
389,0,18,2,3,4,1,4,3,2,2,1,1,4,3,1,3,2,2,2,1,1,1,1,1,Eustress (Positive Stress) - Stress that motivates and enhances performance.
390,0,20,2,3,1,2,5,3,2,3,2,3,3,5,5,5,4,4,3,3,4,2,1,2,Eustress (Positive Stress) - Stress that motivates and enhances performance.
391,1,19,5,4,2,4,3,5,5,5,5,2,3,5,5,2,3,3,3,1,2,3,1,5,Eustress (Positive Stress) - Stress that motivates and enhances performance.
392,1,20,3,2,3,4,2,1,2,1,1,2,2,2,1,3,3,3,3,1,2,1,2,3,Eustress (Positive Stress) - Stress that motivates and enhances performance.
393,0,19,4,2,2,3,5,4,4,2,1,2,2,4,2,2,2,4,4,1,3,2,2,5,Eustress (Positive Stress) - Stress that motivates and enhances performance.
394,1,19,5,5,5,5,3,4,5,4,5,4,2,3,3,2,2,3,1,1,2,1,2,4,Eustress (Positive Stress) - Stress that motivates and enhances performance.
395,0,20,2,5,2,2,4,3,2,1,1,1,3,4,5,4,1,1,2,1,1,3,1,1,Eustress (Positive Stress) - Stress that motivates and enhances performance.
396,0,18,2,1,1,1,2,2,3,2,1,2,3,2,3,1,1,3,3,1,1,2,2,1,No Stress - Currently experiencing minimal to no stress.
397,0,18,2,1,4,4,3,2,2,3,1,2,3,3,2,2,2,1,1,1,1,1,2,1,No Stress - Currently experiencing minimal to no stress.
398,0,21,3,2,2,3,2,3,2,1,1,2,2,2,3,1,1,1,3,5,4,1,2,3,Eustress (Positive Stress) - Stress that motivates and enhances performance.
399,0,18,2,2,2,2,2,3,2,3,3,3,2,2,2,3,3,3,2,2,3,3,2,3,Eustress (Positive Stress) - Stress that motivates and enhances performance.
400,1,24,5,5,4,5,2,3,3,1,4,1,5,2,3,4,4,5,5,3,5,5,5,5,Distress (Negative Stress) - Stress that causes anxiety and impairs well-being.
401,0,21,4,3,3,4,2,3,3,1,2,3,3,1,2,3,2,2,1,2,2,1,1,4,Eustress (Positive Stress) - Stress that motivates and enhances performance.
402,1,21,3,2,2,2,2,2,1,1,3,1,2,2,2,2,2,2,2,3,2,2,2,2,Eustress (Positive Stress) - Stress that motivates and enhances performance.
403,1,19,3,3,1,3,1,2,1,1,2,1,2,2,2,1,3,5,4,2,1,3,2,5,Eustress (Positive Stress) - Stress that motivates and enhances performance.
404,1,18,1,3,3,1,1,2,1,1,4,2,1,2,1,3,1,1,1,1,2,2,2,1,No Stress - Currently experiencing minimal to no stress.
405,0,20,3,2,1,2,1,4,1,4,3,5,1,2,2,5,3,3,4,2,2,3,4,1,Eustress (Positive Stress) - Stress that motivates and enhances performance.
406,0,20,3,2,1,2,5,5,5,4,5,3,2,4,4,4,3,2,2,3,2,2,3,1,Eustress (Positive Stress) - Stress that motivates and enhances performance.
407,0,20,4,3,4,4,1,2,3,3,2,4,2,1,1,1,1,4,2,5,1,1,4,1,Eustress (Positive Stress) - Stress that motivates and enhances performance.
408,0,19,3,3,2,1,2,3,3,1,2,1,2,2,2,1,1,1,1,3,2,1,2,1,No Stress - Currently experiencing minimal to no stress.
409,0,19,4,2,3,2,2,3,3,1,1,3,4,2,3,1,1,1,4,2,2,1,3,1,Eustress (Positive Stress) - Stress that motivates and enhances performance.
410,0,17,2,2,1,1,2,2,1,1,2,1,3,2,1,3,1,2,4,3,2,4,2,5,Eustress (Positive Stress) - Stress that motivates and enhances performance.
411,0,17,1,1,1,1,1,2,1,1,1,1,1,3,3,3,1,2,3,2,2,3,2,2,No Stress - Currently experiencing minimal to no stress.
412,1,18,2,3,1,1,3,2,5,1,2,3,1,1,1,5,1,3,5,3,5,5,2,3,Eustress (Positive Stress) - Stress that motivates and enhances performance.
413,0,20,4,3,1,3,3,3,2,1,1,2,1,3,1,4,4,5,4,2,1,2,1,2,Eustress (Positive Stress) - Stress that motivates and enhances performance.
414,0,18,2,2,1,1,4,1,3,4,3,2,3,1,1,2,1,1,5,2,2,2,2,3,Eustress (Positive Stress) - Stress that motivates and enhances performance.
415,0,18,2,2,1,4,2,3,1,3,1,1,2,1,1,5,1,1,5,2,2,1,2,2,Eustress (Positive Stress) - Stress that motivates and enhances performance.
416,0,19,4,4,3,1,2,2,1,1,2,3,4,3,1,1,5,5,4,2,4,1,3,1,Eustress (Positive Stress) - Stress that motivates and enhances performance.
417,1,18,4,3,3,3,2,3,1,2,2,2,3,2,1,3,2,2,4,3,3,2,2,3,Eustress (Positive Stress) - Stress that motivates and enhances performance.
418,0,20,3,2,1,1,2,3,1,1,2,2,1,2,4,2,2,3,2,2,1,2,1,2,No Stress - Currently experiencing minimal to no stress.
419,1,20,2,3,1,4,2,3,2,1,3,1,2,1,3,3,1,2,4,2,3,2,3,3,Eustress (Positive Stress) - Stress that motivates and enhances performance.
420,1,20,4,2,2,4,4,2,5,2,4,2,2,3,1,3,2,1,4,3,2,2,1,1,Eustress (Positive Stress) - Stress that motivates and enhances performance.
421,0,19,5,4,4,1,1,2,5,1,1,1,3,2,2,4,3,4,5,3,2,4,2,4,Eustress (Positive Stress) - Stress that motivates and enhances performance.
422,0,19,3,2,2,5,3,3,5,1,5,3,3,2,1,1,2,3,4,1,1,2,2,2,Eustress (Positive Stress) - Stress that motivates and enhances performance.
423,1,20,2,2,2,3,3,2,2,1,2,3,2,1,1,1,2,3,4,2,3,1,1,1,Eustress (Positive Stress) - Stress that motivates and enhances performance.
424,0,20,5,2,1,4,4,2,4,3,4,2,3,2,2,3,5,5,1,1,1,2,1,3,Eustress (Positive Stress) - Stress that motivates and enhances performance.
425,0,19,2,3,1,4,4,3,4,1,1,2,1,1,1,4,4,1,2,2,2,3,3,1,Eustress (Positive Stress) - Stress that motivates and enhances performance.
426,0,19,1,1,1,5,5,1,5,4,5,1,1,3,1,2,1,1,1,1,2,1,1,1,Eustress (Positive Stress) - Stress that motivates and enhances performance.
427,0,19,3,4,5,2,4,3,2,1,1,2,4,3,1,2,2,2,4,2,2,1,3,1,Eustress (Positive Stress) - Stress that motivates and enhances performance.
428,0,20,3,2,2,2,4,4,3,3,2,2,1,2,3,4,2,3,2,1,2,4,1,4,Eustress (Positive Stress) - Stress that motivates and enhances performance.
429,0,21,4,2,1,2,3,2,3,1,1,2,2,2,1,2,2,2,2,3,1,2,3,3,Eustress (Positive Stress) - Stress that motivates and enhances performance.
430,0,19,3,2,1,2,3,3,4,4,4,5,2,1,4,2,2,3,2,1,2,2,1,3,Eustress (Positive Stress) - Stress that motivates and enhances performance.
431,0,24,3,2,3,3,3,5,1,1,2,2,2,2,1,3,2,2,4,2,3,1,3,2,Eustress (Positive Stress) - Stress that motivates and enhances performance.
432,0,20,3,2,2,3,4,5,4,1,3,5,1,2,3,1,2,3,3,2,4,1,4,2,Eustress (Positive Stress) - Stress that motivates and enhances performance.
433,0,19,2,3,3,3,1,3,2,3,3,1,2,2,1,5,2,2,4,2,2,4,3,2,Eustress (Positive Stress) - Stress that motivates and enhances performance.
434,0,19,4,3,3,2,3,2,2,1,4,4,4,2,4,2,2,3,4,3,2,2,2,4,Eustress (Positive Stress) - Stress that motivates and enhances performance.
435,0,19,2,2,1,1,1,3,2,1,2,1,3,3,4,1,2,1,3,5,5,1,5,1,Eustress (Positive Stress) - Stress that motivates and enhances performance.
436,0,20,2,2,1,1,4,4,2,5,2,5,3,2,2,5,3,3,3,3,4,4,2,5,Eustress (Positive Stress) - Stress that motivates and enhances performance.
437,1,19,4,3,4,4,4,4,2,2,2,3,3,4,1,3,1,1,2,2,3,2,3,2,Eustress (Positive Stress) - Stress that motivates and enhances performance.
438,0,18,3,4,3,5,1,4,3,4,5,4,1,3,2,5,2,3,4,2,3,3,1,3,Eustress (Positive Stress) - Stress that motivates and enhances performance.
439,1,19,4,3,2,3,5,5,4,2,1,4,2,1,2,1,1,1,3,1,2,1,4,1,Eustress (Positive Stress) - Stress that motivates and enhances performance.
440,1,19,2,2,1,3,3,5,4,5,4,5,3,3,1,4,2,4,3,3,2,3,3,3,Eustress (Positive Stress) - Stress that motivates and enhances performance.
441,0,19,3,3,2,2,4,1,4,1,1,2,1,2,3,2,3,2,4,1,3,2,1,2,Eustress (Positive Stress) - Stress that motivates and enhances performance.
442,0,19,1,2,1,5,4,4,5,1,5,2,3,3,2,2,3,3,4,2,3,1,2,2,Eustress (Positive Stress) - Stress that motivates and enhances performance.
443,1,19,2,2,1,3,5,2,5,3,3,2,2,3,2,3,3,1,3,2,1,2,1,1,Eustress (Positive Stress) - Stress that motivates and enhances performance.
444,0,20,4,2,1,4,2,1,1,3,4,2,3,3,1,3,4,2,3,1,2,1,1,3,Eustress (Positive Stress) - Stress that motivates and enhances performance.
445,0,20,3,2,3,2,2,3,4,4,4,3,2,2,2,1,1,1,4,1,1,1,2,1,Eustress (Positive Stress) - Stress that motivates and enhances performance.
446,1,20,1,1,1,5,2,5,2,4,5,3,3,2,1,3,3,2,4,3,2,1,1,2,Eustress (Positive Stress) - Stress that motivates and enhances performance.
447,1,19,3,4,4,2,2,2,1,3,2,4,1,3,3,3,3,2,3,1,1,3,1,2,Eustress (Positive Stress) - Stress that motivates and enhances performance.
448,0,19,1,2,1,3,3,3,3,3,2,3,3,2,3,2,3,2,3,3,2,2,1,2,Eustress (Positive Stress) - Stress that motivates and enhances performance.
449,0,20,3,3,3,3,3,3,5,1,2,1,1,2,2,1,2,1,4,1,1,1,3,2,Eustress (Positive Stress) - Stress that motivates and enhances performance.
450,0,20,4,3,1,4,4,3,2,3,2,1,1,3,2,3,2,2,3,3,3,2,1,1,Eustress (Positive Stress) - Stress that motivates and enhances performance.
451,0,20,2,2,4,3,3,3,3,3,3,3,3,1,1,1,1,1,1,1,1,1,4,2,Eustress (Positive Stress) - Stress that motivates and enhances performance.
452,0,20,5,2,4,1,2,2,4,2,5,2,2,3,2,2,3,2,4,3,2,2,1,3,Eustress (Positive Stress) - Stress that motivates and enhances performance.
453,1,21,4,3,1,1,2,1,1,3,5,1,1,4,2,3,2,2,2,4,2,2,3,4,Eustress (Positive Stress) - Stress that motivates and enhances performance.
454,1,19,2,2,5,5,3,3,3,2,5,1,3,2,2,2,2,2,3,3,2,2,1,2,Eustress (Positive Stress) - Stress that motivates and enhances performance.
455,1,20,3,2,3,2,2,3,3,2,2,1,1,2,2,3,2,2,2,2,3,2,4,2,Eustress (Positive Stress) - Stress that motivates and enhances performance.
456,1,21,3,4,4,4,2,2,4,3,4,3,3,2,3,4,2,2,5,5,5,4,4,5,Distress (Negative Stress) - Stress that causes anxiety and impairs well-being.
457,1,19,2,2,4,2,3,2,4,2,4,1,1,3,2,3,1,2,4,2,3,2,2,4,Eustress (Positive Stress) - Stress that motivates and enhances performance.
458,1,22,3,4,5,5,1,1,5,2,5,4,4,5,4,5,4,1,5,3,2,4,1,3,Distress (Negative Stress) - Stress that causes anxiety and impairs well-being.
459,1,21,1,1,2,1,3,2,4,1,2,1,1,4,1,4,4,3,3,1,1,1,2,1,No Stress - Currently experiencing minimal to no stress.
460,1,22,2,3,2,1,4,2,4,3,3,3,2,4,2,4,2,3,4,2,4,3,4,2,Eustress (Positive Stress) - Stress that motivates and enhances performance.
461,0,20,1,2,2,3,2,2,3,2,3,1,2,3,4,1,2,2,2,2,4,2,1,1,Eustress (Positive Stress) - Stress that motivates and enhances performance.
462,1,22,3,4,2,3,3,5,3,4,4,4,5,1,2,3,3,2,3,1,3,2,3,3,Eustress (Positive Stress) - Stress that motivates and enhances performance.
463,0,22,4,3,3,4,5,2,3,1,1,1,2,1,2,2,1,2,3,3,1,3,2,1,Eustress (Positive Stress) - Stress that motivates and enhances performance.
464,0,19,3,3,3,4,5,5,4,4,4,1,1,1,2,2,4,4,4,2,2,3,3,2,Eustress (Positive Stress) - Stress that motivates and enhances performance.
465,1,19,2,2,3,2,3,1,1,1,2,3,1,1,2,1,2,2,1,2,1,1,3,2,No Stress - Currently experiencing minimal to no stress.
466,0,19,3,2,2,3,2,4,3,1,2,1,1,2,2,3,1,1,1,1,1,2,3,1,Eustress (Positive Stress) - Stress that motivates and enhances performance.
467,0,19,3,2,1,2,3,1,1,1,2,1,1,3,5,1,3,2,3,2,2,1,2,1,No Stress - Currently experiencing minimal to no stress.
468,1,19,4,2,1,2,4,5,4,3,2,5,1,1,1,2,1,3,4,1,1,2,2,3,Eustress (Positive Stress) - Stress that motivates and enhances performance.
469,1,20,4,2,4,5,4,3,4,1,2,2,2,3,2,2,1,1,2,3,1,1,3,1,Eustress (Positive Stress) - Stress that motivates and enhances performance.
470,0,19,3,2,5,5,4,4,1,1,3,4,1,1,2,2,1,1,2,3,1,2,2,3,Eustress (Positive Stress) - Stress that motivates and enhances performance.
471,1,19,3,2,3,3,5,4,5,1,4,2,4,3,2,2,4,4,4,2,3,1,2,1,Eustress (Positive Stress) - Stress that motivates and enhances performance.
472,0,19,3,2,3,2,5,5,3,3,4,5,4,1,1,1,3,2,2,2,1,3,2,3,Eustress (Positive Stress) - Stress that motivates and enhances performance.
473,0,20,3,2,2,3,1,2,4,1,4,1,2,3,3,2,3,2,2,1,4,1,1,1,Eustress (Positive Stress) - Stress that motivates and enhances performance.
474,0,21,3,2,5,4,4,2,4,4,5,1,1,1,1,3,2,1,3,2,1,2,2,3,Eustress (Positive Stress) - Stress that motivates and enhances performance.
475,0,19,3,2,3,4,2,2,5,1,5,3,1,3,2,4,2,1,1,2,3,2,3,4,Eustress (Positive Stress) - Stress that motivates and enhances performance.
476,0,19,3,3,4,4,1,2,2,3,1,3,3,4,2,2,2,4,5,2,1,2,4,3,Eustress (Positive Stress) - Stress that motivates and enhances performance.
477,1,21,4,2,2,5,3,3,2,1,4,4,3,3,2,2,4,2,2,2,4,3,2,2,Eustress (Positive Stress) - Stress that motivates and enhances performance.
478,0,20,3,2,5,5,5,3,2,4,2,4,1,2,3,5,1,1,1,3,4,5,2,5,Eustress (Positive Stress) - Stress that motivates and enhances performance.
479,1,19,3,2,2,1,2,4,2,4,1,3,5,5,5,4,5,4,5,2,2,3,5,2,Eustress (Positive Stress) - Stress that motivates and enhances performance.
480,1,21,1,1,3,4,3,3,3,2,3,3,1,2,3,3,2,2,3,4,1,2,4,3,Eustress (Positive Stress) - Stress that motivates and enhances performance.
481,1,19,4,5,3,2,3,1,3,1,5,1,1,3,2,1,1,1,1,1,1,1,3,1,Eustress (Positive Stress) - Stress that motivates and enhances performance.
482,0,17,2,2,4,1,3,1,4,2,2,3,2,1,2,3,3,3,3,4,3,2,3,4,Eustress (Positive Stress) - Stress that motivates and enhances performance.
483,0,100,5,1,3,3,3,3,3,2,3,3,2,4,1,3,2,2,3,3,2,3,2,2,Eustress (Positive Stress) - Stress that motivates and enhances performance.
484,0,18,4,3,1,3,1,2,2,1,3,3,2,3,3,2,2,3,2,3,2,2,2,2,Eustress (Positive Stress) - Stress that motivates and enhances performance.
485,0,19,2,1,2,1,1,2,3,3,2,2,3,1,1,3,3,2,2,2,3,2,3,2,Eustress (Positive Stress) - Stress that motivates and enhances performance.
486,0,18,4,3,2,3,1,2,3,2,2,3,2,2,2,1,2,3,2,2,2,2,3,3,Eustress (Positive Stress) - Stress that motivates and enhances performance.
487,0,19,3,3,1,2,1,2,3,2,2,3,2,1,2,3,2,2,2,2,2,3,1,3,Eustress (Positive Stress) - Stress that motivates and enhances performance.
488,0,18,4,4,3,4,2,2,5,1,3,3,2,1,1,1,2,3,5,3,2,1,2,3,Eustress (Positive Stress) - Stress that motivates and enhances performance.
489,1,18,2,4,1,2,3,5,2,2,3,2,2,2,1,1,1,2,1,3,2,3,1,3,Eustress (Positive Stress) - Stress that motivates and enhances performance.
490,0,17,4,4,3,5,1,1,2,1,2,2,1,1,3,1,2,2,2,1,2,1,2,2,Eustress (Positive Stress) - Stress that motivates and enhances performance.
491,0,18,5,4,1,3,3,2,2,3,3,3,2,1,1,1,2,2,2,1,1,1,1,2,Eustress (Positive Stress) - Stress that motivates and enhances performance.
492,0,17,3,2,1,2,1,2,3,3,2,2,2,1,3,1,3,2,4,5,3,3,2,2,Eustress (Positive Stress) - Stress that motivates and enhances performance.
493,0,18,3,2,1,4,2,1,1,2,3,2,3,3,1,1,2,3,3,2,3,2,1,3,Eustress (Positive Stress) - Stress that motivates and enhances performance.
494,1,18,3,3,1,2,2,3,3,2,2,3,1,1,3,4,1,2,1,3,4,2,3,1,Eustress (Positive Stress) - Stress that motivates and enhances performance.
495,0,19,3,4,1,2,1,1,2,1,1,1,3,4,1,3,3,2,3,1,2,1,1,3,Eustress (Positive Stress) - Stress that motivates and enhances performance.
496,1,19,5,5,5,5,3,2,2,2,3,3,2,1,3,1,1,3,2,1,2,3,2,2,Eustress (Positive Stress) - Stress that motivates and enhances performance.
497,1,19,3,3,2,2,2,3,2,2,3,4,1,3,4,2,2,3,2,1,2,2,2,3,Eustress (Positive Stress) - Stress that motivates and enhances performance.
498,0,18,1,1,1,1,1,2,1,2,1,2,2,1,3,1,2,1,1,1,2,2,2,3,No Stress - Currently experiencing minimal to no stress.
499,0,19,5,5,4,5,1,2,2,2,2,2,1,4,2,1,1,2,3,2,2,1,3,3,Eustress (Positive Stress) - Stress that motivates and enhances performance.
500,1,19,2,2,1,2,4,5,5,2,3,2,1,4,1,2,1,1,1,5,4,2,4,2,Eustress (Positive Stress) - Stress that motivates and enhances performance.
501,0,18,3,2,4,4,5,5,1,3,2,5,1,1,1,1,3,2,2,5,1,1,1,2,Eustress (Positive Stress) - Stress that motivates and enhances performance.
502,0,17,1,1,1,1,3,3,5,4,1,1,3,5,5,1,1,1,2,5,3,3,5,3,Eustress (Positive Stress) - Stress that motivates and enhances performance.
503,0,19,4,3,2,3,3,2,5,4,2,4,2,3,2,1,3,2,2,2,3,3,2,2,Eustress (Positive Stress) - Stress that motivates and enhances performance.
504,0,18,4,4,2,4,2,3,3,4,1,1,1,4,4,3,1,1,2,4,4,2,4,2,Eustress (Positive Stress) - Stress that motivates and enhances performance.
505,0,19,2,1,1,1,5,4,4,5,5,5,2,4,2,1,3,3,1,4,4,2,1,3,Eustress (Positive Stress) - Stress that motivates and enhances performance.
506,0,21,4,4,2,3,3,4,5,5,2,3,1,5,5,4,1,1,2,5,5,1,5,1,Eustress (Positive Stress) - Stress that motivates and enhances performance.
507,0,20,4,3,2,4,4,4,4,1,2,4,2,2,1,1,3,2,3,2,4,2,1,3,Eustress (Positive Stress) - Stress that motivates and enhances performance.
508,0,20,5,4,2,3,2,5,3,4,1,4,2,2,1,3,4,2,4,3,4,2,2,4,Eustress (Positive Stress) - Stress that motivates and enhances performance.
509,1,21,4,5,3,4,5,5,5,2,5,5,2,2,3,1,3,2,2,3,3,2,1,2,Eustress (Positive Stress) - Stress that motivates and enhances performance.
510,0,20,2,3,2,1,2,1,1,1,1,2,2,2,3,4,3,4,1,4,3,5,4,3,Eustress (Positive Stress) - Stress that motivates and enhances performance.
511,0,20,4,3,2,4,3,4,1,3,5,2,4,3,4,1,1,3,5,1,3,2,2,5,Eustress (Positive Stress) - Stress that motivates and enhances performance.
512,0,20,5,4,5,5,3,2,1,5,3,2,1,3,4,1,5,5,5,4,4,5,3,5,Distress (Negative Stress) - Stress that causes anxiety and impairs well-being.
513,0,21,5,4,3,5,5,2,5,2,5,3,1,3,2,3,3,5,4,2,1,1,3,3,Eustress (Positive Stress) - Stress that motivates and enhances performance.
514,0,20,5,4,2,5,2,3,2,2,3,3,3,2,3,1,4,5,4,2,3,4,4,2,Eustress (Positive Stress) - Stress that motivates and enhances performance.
515,0,21,2,1,1,1,1,1,1,1,1,1,1,1,2,1,1,5,1,2,1,1,2,3,No Stress - Currently experiencing minimal to no stress.
516,0,19,4,5,5,4,5,2,4,2,5,2,5,1,2,5,5,5,3,2,4,5,2,4,Distress (Negative Stress) - Stress that causes anxiety and impairs well-being.
517,0,21,2,1,1,2,2,2,1,5,2,3,2,4,5,2,2,2,3,2,4,3,2,4,Eustress (Positive Stress) - Stress that motivates and enhances performance.
518,0,20,4,4,4,4,4,5,4,1,2,2,3,5,5,4,4,4,4,3,1,4,5,4,Distress (Negative Stress) - Stress that causes anxiety and impairs well-being.
519,0,20,4,2,2,3,1,1,1,5,1,1,2,3,3,2,1,4,4,4,5,4,1,5,Eustress (Positive Stress) - Stress that motivates and enhances performance.
520,0,21,5,5,5,5,3,4,2,5,3,2,5,3,2,5,5,5,5,4,3,5,4,5,Distress (Negative Stress) - Stress that causes anxiety and impairs well-being.
521,1,21,3,3,1,2,4,1,2,3,4,1,3,2,3,1,1,2,4,4,4,2,1,1,Eustress (Positive Stress) - Stress that motivates and enhances performance.
522,1,21,5,5,5,5,1,5,1,4,1,5,3,5,4,1,2,3,4,5,4,2,5,4,Eustress (Positive Stress) - Stress that motivates and enhances performance.
523,0,22,2,1,2,3,3,3,2,5,4,2,3,3,4,3,1,3,3,5,5,2,3,2,Eustress (Positive Stress) - Stress that motivates and enhances performance.
524,0,20,4,4,3,4,4,4,2,4,3,2,4,4,4,3,4,4,3,1,2,2,4,1,Eustress (Positive Stress) - Stress that motivates and enhances performance.
525,0,22,2,3,1,2,3,4,2,3,4,1,2,2,5,4,2,1,3,4,2,3,4,3,Eustress (Positive Stress) - Stress that motivates and enhances performance.
526,1,20,4,4,4,5,4,5,3,5,5,5,3,5,5,4,3,4,4,2,2,3,5,5,Distress (Negative Stress) - Stress that causes anxiety and impairs well-being.
527,0,20,3,2,2,2,1,2,2,1,3,1,2,2,1,3,3,2,4,1,2,4,2,2,Eustress (Positive Stress) - Stress that motivates and enhances performance.
528,0,20,2,3,3,3,4,2,2,1,3,5,3,3,4,3,3,3,3,3,3,3,2,3,Eustress (Positive Stress) - Stress that motivates and enhances performance.
529,1,21,1,1,1,2,5,2,5,1,4,3,1,3,2,1,1,5,4,5,3,1,2,3,Eustress (Positive Stress) - Stress that motivates and enhances performance.
530,0,21,3,2,1,3,5,2,3,3,4,1,1,4,1,3,2,2,2,2,4,1,2,3,Eustress (Positive Stress) - Stress that motivates and enhances performance.
531,0,20,4,4,2,5,5,3,2,2,4,4,4,3,3,3,3,4,4,3,3,3,3,3,Eustress (Positive Stress) - Stress that motivates and enhances performance.
532,1,20,3,4,2,5,2,2,1,1,2,3,2,5,1,2,1,3,1,3,1,1,2,4,Eustress (Positive Stress) - Stress that motivates and enhances performance.
533,1,20,2,3,2,1,4,2,1,2,1,1,2,1,2,3,2,1,4,3,2,1,4,1,Eustress (Positive Stress) - Stress that motivates and enhances performance.
534,0,20,5,4,2,2,2,3,4,3,3,2,1,4,5,4,1,1,2,2,2,1,2,2,Eustress (Positive Stress) - Stress that motivates and enhances performance.
535,0,20,3,4,3,2,3,5,4,4,3,2,3,1,2,2,1,1,5,1,1,1,3,2,Eustress (Positive Stress) - Stress that motivates and enhances performance.
536,1,20,3,3,3,3,3,3,3,3,3,3,2,3,3,3,3,3,3,3,3,3,3,3,Eustress (Positive Stress) - Stress that motivates and enhances performance.
537,0,20,3,4,3,4,3,3,4,3,2,1,4,4,4,3,2,3,4,1,2,2,3,3,Eustress (Positive Stress) - Stress that motivates and enhances performance.
538,1,20,2,2,1,1,2,1,2,1,1,1,2,1,1,3,1,2,5,2,1,2,2,2,No Stress - Currently experiencing minimal to no stress.
539,0,20,5,5,5,5,5,5,5,5,5,5,5,5,5,5,5,5,5,5,5,5,5,5,Distress (Negative Stress) - Stress that causes anxiety and impairs well-being.
540,1,20,3,2,1,1,3,2,2,2,2,2,1,1,2,2,1,2,1,1,1,1,3,2,No Stress - Currently experiencing minimal to no stress.
541,0,21,3,4,2,3,1,2,2,1,2,3,2,1,2,2,3,3,1,2,1,1,1,2,Eustress (Positive Stress) - Stress that motivates and enhances performance.
542,0,19,2,1,2,2,2,2,2,2,5,2,1,1,2,1,1,3,5,2,3,1,2,3,Eustress (Positive Stress) - Stress that motivates and enhances performance.
543,0,20,5,3,2,2,5,3,2,3,1,2,1,2,2,2,1,3,3,1,1,5,2,3,Eustress (Positive Stress) - Stress that motivates and enhances performance.
544,1,20,3,4,2,2,3,4,2,4,2,2,2,2,2,2,2,2,2,2,1,3,2,3,Eustress (Positive Stress) - Stress that motivates and enhances performance.
545,0,18,3,2,2,2,3,1,3,3,2,2,2,2,2,2,2,2,1,2,2,2,2,2,Eustress (Positive Stress) - Stress that motivates and enhances performance.
546,0,20,5,2,2,2,2,1,2,1,3,2,1,2,2,1,1,2,2,2,2,1,3,2,Eustress (Positive Stress) - Stress that motivates and enhances performance.
547,1,19,4,4,3,3,2,2,3,4,3,3,3,3,4,2,3,2,3,3,3,2,4,2,Eustress (Positive Stress) - Stress that motivates and enhances performance.
548,0,18,3,2,1,4,4,4,4,1,2,2,3,2,1,1,1,3,3,2,1,1,1,5,Eustress (Positive Stress) - Stress that motivates and enhances performance.
549,0,19,4,5,4,1,2,1,2,3,2,1,3,2,3,3,4,4,2,2,2,4,1,5,Eustress (Positive Stress) - Stress that motivates and enhances performance.
550,1,18,1,1,4,4,3,1,2,1,4,1,2,1,5,2,1,1,4,1,1,1,4,5,Eustress (Positive Stress) - Stress that motivates and enhances performance.
551,1,19,3,4,1,1,4,3,5,1,2,1,1,2,1,2,3,1,1,1,2,3,3,5,Eustress (Positive Stress) - Stress that motivates and enhances performance.
552,0,18,3,4,2,1,3,4,3,3,4,4,1,3,2,1,5,4,4,3,3,1,3,2,Eustress (Positive Stress) - Stress that motivates and enhances performance.
553,0,20,1,2,2,4,3,3,4,3,1,1,2,3,1,2,1,3,1,2,1,1,1,5,Eustress (Positive Stress) - Stress that motivates and enhances performance.
554,1,19,2,3,3,1,4,2,4,3,1,4,1,2,3,1,1,3,2,2,2,4,1,3,Eustress (Positive Stress) - Stress that motivates and enhances performance.
555,0,19,2,2,2,1,4,3,5,3,2,4,3,2,2,3,2,4,1,1,1,2,4,1,Eustress (Positive Stress) - Stress that motivates and enhances performance.
556,1,18,5,5,3,1,2,1,3,1,3,1,2,2,5,1,1,5,1,1,1,2,1,1,Eustress (Positive Stress) - Stress that motivates and enhances performance.
557,1,19,1,1,2,2,2,4,3,3,2,3,2,2,4,4,2,3,2,4,2,3,4,2,Eustress (Positive Stress) - Stress that motivates and enhances performance.
558,1,19,3,4,1,2,4,4,3,3,1,1,3,3,2,3,3,2,3,1,1,2,1,1,Eustress (Positive Stress) - Stress that motivates and enhances performance.
559,1,19,3,4,2,3,2,1,3,5,4,2,3,4,3,1,2,3,5,2,2,2,1,3,Eustress (Positive Stress) - Stress that motivates and enhances performance.
560,1,21,4,4,4,1,4,2,4,3,4,2,2,2,3,3,5,3,4,2,5,2,4,2,Eustress (Positive Stress) - Stress that motivates and enhances performance.
561,0,19,3,2,2,3,4,2,5,3,1,1,2,2,3,3,3,4,2,2,2,4,1,3,Eustress (Positive Stress) - Stress that motivates and enhances performance.
562,0,19,4,4,4,2,3,3,4,3,5,5,1,3,3,1,2,1,5,2,3,1,1,2,Eustress (Positive Stress) - Stress that motivates and enhances performance.
563,0,14,2,2,1,1,4,2,3,2,1,1,1,1,2,1,1,4,1,1,1,2,1,1,No Stress - Currently experiencing minimal to no stress.
564,1,19,2,3,1,1,4,3,4,1,4,4,2,2,3,3,2,3,3,3,4,2,2,3,Eustress (Positive Stress) - Stress that motivates and enhances performance.
565,1,19,5,4,3,1,1,2,1,3,1,3,3,2,3,3,3,3,3,3,3,3,2,2,Eustress (Positive Stress) - Stress that motivates and enhances performance.
566,1,17,3,3,4,4,2,1,5,4,4,4,2,4,3,2,3,4,3,2,2,2,3,3,Eustress (Positive Stress) - Stress that motivates and enhances performance.
567,1,20,4,3,3,1,4,2,4,2,4,1,3,2,2,2,1,2,2,1,1,3,1,1,Eustress (Positive Stress) - Stress that motivates and enhances performance.
568,0,21,4,4,2,4,5,4,4,4,5,4,2,4,4,3,3,2,5,4,3,4,3,4,Distress (Negative Stress) - Stress that causes anxiety and impairs well-being.
569,0,19,5,4,3,4,1,4,2,4,1,2,3,3,1,1,1,1,3,3,1,1,2,4,Eustress (Positive Stress) - Stress that motivates and enhances performance.
570,0,36,3,2,1,1,5,5,4,4,5,3,3,4,4,3,4,3,3,2,2,2,4,2,Eustress (Positive Stress) - Stress that motivates and enhances performance.
571,0,21,3,2,4,3,5,2,1,2,2,3,4,1,2,3,1,1,3,2,2,4,2,1,Eustress (Positive Stress) - Stress that motivates and enhances performance.
572,0,21,3,4,4,1,4,4,4,5,3,4,2,4,5,1,2,3,4,1,1,1,5,3,Eustress (Positive Stress) - Stress that motivates and enhances performance.
573,0,19,3,2,1,2,1,2,1,2,1,1,1,4,1,3,2,3,5,5,5,4,1,2,Eustress (Positive Stress) - Stress that motivates and enhances performance.
574,0,19,4,4,2,2,2,3,2,4,3,3,3,3,2,1,1,4,3,1,1,1,2,1,Eustress (Positive Stress) - Stress that motivates and enhances performance.
575,1,20,5,4,2,1,3,4,2,1,3,4,1,4,4,2,2,1,3,1,1,2,1,1,Eustress (Positive Stress) - Stress that motivates and enhances performance.
576,1,19,4,3,3,5,2,2,1,1,1,2,4,1,1,1,1,3,3,3,1,1,1,2,Eustress (Positive Stress) - Stress that motivates and enhances performance.
577,1,19,3,4,2,1,4,2,2,5,3,3,3,2,1,5,3,1,3,4,2,1,5,1,Eustress (Positive Stress) - Stress that motivates and enhances performance.
578,1,19,4,4,3,4,3,4,2,5,2,5,3,5,4,3,5,2,2,4,3,2,5,1,Eustress (Positive Stress) - Stress that motivates and enhances performance.
579,1,20,1,1,2,3,3,4,2,1,3,5,1,1,3,3,3,4,3,2,1,3,2,2,Eustress (Positive Stress) - Stress that motivates and enhances performance.
580,0,22,5,2,2,2,3,4,3,3,2,5,2,2,3,5,4,5,5,2,1,5,1,5,Eustress (Positive Stress) - Stress that motivates and enhances performance.
581,0,19,4,4,2,2,2,1,2,2,2,2,2,4,4,2,2,3,4,3,4,4,2,3,Eustress (Positive Stress) - Stress that motivates and enhances performance.
582,0,19,4,5,4,2,3,2,2,2,3,2,2,1,3,2,2,1,3,2,3,2,1,2,Eustress (Positive Stress) - Stress that motivates and enhances performance.
583,0,19,3,2,2,2,4,2,2,2,4,2,1,5,5,5,5,5,5,5,5,5,1,5,Eustress (Positive Stress) - Stress that motivates and enhances performance.
584,0,18,4,2,5,3,3,2,2,2,1,2,3,2,1,3,1,3,5,3,3,3,4,1,Eustress (Positive Stress) - Stress that motivates and enhances performance.
585,0,28,2,2,1,2,1,2,2,3,1,2,3,3,1,2,3,4,5,4,2,3,4,4,Eustress (Positive Stress) - Stress that motivates and enhances performance.
586,1,19,3,4,2,3,4,3,3,4,2,4,5,1,2,3,2,2,5,3,4,1,2,1,Eustress (Positive Stress) - Stress that motivates and enhances performance.
587,0,20,4,3,2,4,1,2,2,1,4,1,5,4,1,4,1,5,1,1,2,2,1,3,Eustress (Positive Stress) - Stress that motivates and enhances performance.
588,0,20,4,4,4,2,3,2,1,1,1,3,4,1,1,5,1,1,3,1,2,1,1,1,Eustress (Positive Stress) - Stress that motivates and enhances performance.
589,0,19,5,5,2,2,1,1,1,4,1,5,2,4,4,3,2,5,5,2,3,2,2,4,Eustress (Positive Stress) - Stress that motivates and enhances performance.
590,0,19,4,3,2,5,1,2,1,3,3,1,2,1,1,2,3,4,4,1,2,3,1,3,Eustress (Positive Stress) - Stress that motivates and enhances performance.
591,0,21,4,2,3,3,3,3,4,3,4,2,3,1,2,3,5,5,4,3,2,2,2,1,Eustress (Positive Stress) - Stress that motivates and enhances performance.
592,0,41,2,1,4,4,3,3,1,1,3,1,2,4,2,3,4,2,4,2,2,5,5,3,Eustress (Positive Stress) - Stress that motivates and enhances performance.
593,0,18,3,3,3,4,3,2,4,1,2,3,2,1,2,4,2,5,5,3,4,3,2,3,Eustress (Positive Stress) - Stress that motivates and enhances performance.
594,0,21,2,2,5,5,3,2,4,4,3,2,1,1,2,1,5,1,4,2,1,2,3,1,Eustress (Positive Stress) - Stress that motivates and enhances performance.
595,0,32,4,3,1,3,1,2,1,1,1,5,4,1,1,4,1,3,2,1,2,1,1,1,Eustress (Positive Stress) - Stress that motivates and enhances performance.
596,0,20,3,2,3,3,3,2,3,4,4,4,2,2,3,3,3,4,3,3,2,2,4,3,Eustress (Positive Stress) - Stress that motivates and enhances performance.
597,0,21,4,2,3,3,3,3,1,1,4,2,2,2,3,3,3,4,4,2,3,3,3,3,Eustress (Positive Stress) - Stress that motivates and enhances performance.
598,1,19,2,2,3,3,5,4,2,1,1,3,1,3,2,4,3,2,2,3,2,3,2,2,Eustress (Positive Stress) - Stress that motivates and enhances performance.
599,1,19,2,2,3,4,3,2,2,4,2,3,5,1,1,2,2,2,5,1,3,1,1,2,Eustress (Positive Stress) - Stress that motivates and enhances performance.
600,0,19,5,5,5,5,3,2,1,1,2,3,1,3,4,2,5,5,3,4,4,3,3,3,Eustress (Positive Stress) - Stress that motivates and enhances performance.
601,0,20,3,2,3,4,3,3,5,1,3,3,3,2,3,1,3,2,5,4,1,1,1,1,Eustress (Positive Stress) - Stress that motivates and enhances performance.
602,0,19,4,3,3,3,2,1,1,1,2,2,2,4,2,3,3,5,3,2,2,4,2,3,Eustress (Positive Stress) - Stress that motivates and enhances performance.
603,1,18,3,2,3,4,1,2,4,2,3,3,2,2,2,1,3,4,5,1,4,1,2,3,Eustress (Positive Stress) - Stress that motivates and enhances performance.
604,0,18,3,4,2,1,3,2,3,2,2,3,2,5,1,3,4,3,3,3,1,2,1,1,Eustress (Positive Stress) - Stress that motivates and enhances performance.
605,0,37,3,2,2,5,4,4,4,3,1,3,5,1,5,3,5,4,3,2,4,2,5,3,Eustress (Positive Stress) - Stress that motivates and enhances performance.
606,1,15,2,1,1,4,2,2,1,1,2,2,1,2,1,4,3,1,3,1,1,1,1,1,No Stress - Currently experiencing minimal to no stress.
607,0,19,4,5,2,4,4,4,4,3,4,4,2,1,1,1,3,4,5,1,2,2,1,2,Eustress (Positive Stress) - Stress that motivates and enhances performance.
608,0,21,5,4,2,2,4,3,2,2,4,1,4,1,3,3,3,4,4,2,1,1,1,1,Eustress (Positive Stress) - Stress that motivates and enhances performance.
609,1,21,3,2,1,4,4,4,3,4,5,4,2,5,4,1,3,2,1,1,1,3,2,5,Eustress (Positive Stress) - Stress that motivates and enhances performance.
610,1,21,2,1,2,1,2,1,3,2,2,2,3,5,4,2,2,2,3,1,2,5,3,3,Eustress (Positive Stress) - Stress that motivates and enhances performance.
611,0,21,2,3,4,4,5,4,4,5,4,5,2,2,2,4,3,3,3,2,3,3,1,3,Eustress (Positive Stress) - Stress that motivates and enhances performance.
612,0,19,4,4,3,1,2,4,1,1,2,1,3,1,2,5,5,4,3,5,5,4,1,5,Eustress (Positive Stress) - Stress that motivates and enhances performance.
613,1,21,4,3,4,2,4,3,3,2,3,2,1,2,3,3,4,2,3,3,4,2,4,2,Eustress (Positive Stress) - Stress that motivates and enhances performance.
614,0,21,2,1,2,2,1,4,4,1,4,4,2,1,2,1,3,3,3,2,2,2,3,2,Eustress (Positive Stress) - Stress that motivates and enhances performance.
615,0,22,4,4,2,1,1,1,2,1,2,1,2,1,5,5,5,2,4,5,5,5,5,5,Eustress (Positive Stress) - Stress that motivates and enhances performance.
616,0,20,2,1,2,2,5,2,3,5,2,1,2,4,3,3,5,4,4,1,3,1,3,3,Eustress (Positive Stress) - Stress that motivates and enhances performance.
617,1,20,2,2,2,2,5,5,5,5,4,4,1,4,4,4,5,2,4,4,3,3,2,2,Eustress (Positive Stress) - Stress that motivates and enhances performance.
618,0,21,2,3,2,2,1,1,5,2,4,3,2,1,2,3,2,3,4,2,2,2,1,3,Eustress (Positive Stress) - Stress that motivates and enhances performance.
619,1,19,4,3,3,3,3,2,5,1,4,3,2,1,3,3,4,3,4,2,2,1,2,1,Eustress (Positive Stress) - Stress that motivates and enhances performance.
620,1,20,4,3,4,2,4,4,2,2,4,4,2,3,2,1,2,1,3,2,1,3,4,1,Eustress (Positive Stress) - Stress that motivates and enhances performance.
621,0,20,4,4,2,2,3,1,5,1,4,3,5,1,1,4,3,2,3,3,1,4,5,1,Eustress (Positive Stress) - Stress that motivates and enhances performance.
622,0,19,1,3,2,5,5,5,5,1,5,5,2,4,2,2,1,2,3,1,1,2,3,1,Eustress (Positive Stress) - Stress that motivates and enhances performance.
623,1,22,2,2,3,3,1,2,5,4,5,1,5,3,3,2,2,4,2,1,1,2,2,1,Eustress (Positive Stress) - Stress that motivates and enhances performance.
624,0,19,4,4,1,3,2,2,1,2,2,3,2,1,2,5,5,2,4,4,2,3,3,2,Eustress (Positive Stress) - Stress that motivates and enhances performance.
625,0,20,2,3,2,1,2,5,4,2,2,2,2,3,5,3,2,2,3,1,1,2,3,1,Eustress (Positive Stress) - Stress that motivates and enhances performance.
626,0,19,2,1,2,2,2,2,1,4,3,3,4,3,3,2,2,2,2,2,2,2,4,3,Eustress (Positive Stress) - Stress that motivates and enhances performance.
627,0,20,3,4,3,2,2,3,1,1,2,2,4,1,2,4,4,4,4,2,5,2,1,2,Eustress (Positive Stress) - Stress that motivates and enhances performance.
628,0,20,2,3,3,5,1,1,1,2,3,1,3,1,1,3,2,4,4,2,2,4,4,3,Eustress (Positive Stress) - Stress that motivates and enhances performance.
629,0,21,3,3,3,1,3,4,2,2,2,3,4,3,2,4,4,4,3,2,3,1,3,2,Eustress (Positive Stress) - Stress that motivates and enhances performance.
630,0,15,4,3,2,3,3,3,2,3,1,2,4,3,3,5,4,3,3,1,1,2,3,1,Eustress (Positive Stress) - Stress that motivates and enhances performance.
631,0,17,4,3,5,3,2,2,3,2,2,3,2,2,3,3,2,2,5,3,4,2,4,3,Eustress (Positive Stress) - Stress that motivates and enhances performance.
632,1,21,2,2,1,4,1,1,1,3,4,1,2,2,1,3,3,2,2,3,3,3,2,2,Eustress (Positive Stress) - Stress that motivates and enhances performance.
633,0,18,4,2,3,3,4,3,3,4,2,4,2,3,3,3,4,1,4,2,2,2,2,3,Eustress (Positive Stress) - Stress that motivates and enhances performance.
634,0,21,2,2,2,4,1,2,2,1,4,1,3,2,1,3,2,1,3,1,1,3,5,1,Eustress (Positive Stress) - Stress that motivates and enhances performance.
635,0,20,3,2,2,2,3,2,1,1,1,3,2,2,2,2,3,4,3,4,3,4,5,4,Eustress (Positive Stress) - Stress that motivates and enhances performance.
636,0,20,3,4,4,2,1,1,1,4,1,5,1,1,1,4,3,1,4,1,2,1,5,1,Eustress (Positive Stress) - Stress that motivates and enhances performance.
637,0,19,3,2,2,5,1,2,1,3,3,1,3,1,2,1,1,2,5,3,2,1,5,3,Eustress (Positive Stress) - Stress that motivates and enhances performance.
638,0,28,4,5,4,3,3,3,4,3,4,2,2,3,3,4,3,2,5,1,1,4,2,5,Eustress (Positive Stress) - Stress that motivates and enhances performance.
639,0,18,1,1,1,4,3,3,1,1,3,1,1,2,1,1,1,1,1,1,2,3,5,1,No Stress - Currently experiencing minimal to no stress.
640,0,19,1,2,1,4,3,2,4,1,2,3,1,2,2,2,2,2,4,4,1,3,3,1,Eustress (Positive Stress) - Stress that motivates and enhances performance.
641,0,19,4,2,2,5,3,2,4,4,3,2,1,1,1,1,1,1,1,2,3,4,1,2,Eustress (Positive Stress) - Stress that motivates and enhances performance.
642,0,19,3,4,3,3,1,2,1,1,1,5,3,1,1,1,5,3,5,2,1,5,1,1,Eustress (Positive Stress) - Stress that motivates and enhances performance.
643,0,20,3,2,2,3,3,2,3,4,4,4,4,4,2,2,3,5,3,3,4,3,2,2,Eustress (Positive Stress) - Stress that motivates and enhances performance.
644,1,20,2,2,1,3,3,3,1,1,4,2,3,1,1,3,3,3,5,2,3,2,1,3,Eustress (Positive Stress) - Stress that motivates and enhances performance.
645,1,18,3,3,4,3,5,4,2,1,1,3,3,2,2,5,5,4,4,2,1,3,3,2,Eustress (Positive Stress) - Stress that motivates and enhances performance.
646,0,20,4,4,4,4,3,2,2,4,2,3,3,2,5,4,2,2,3,2,3,3,2,5,Eustress (Positive Stress) - Stress that motivates and enhances performance.
647,0,21,2,3,1,5,3,2,1,1,2,3,2,2,2,2,2,2,3,4,3,4,3,3,Eustress (Positive Stress) - Stress that motivates and enhances performance.
648,0,18,5,5,5,4,3,3,5,1,3,3,5,2,3,5,5,5,4,1,1,1,2,2,Eustress (Positive Stress) - Stress that motivates and enhances performance.
649,1,19,2,1,1,3,2,1,1,1,2,2,1,1,1,1,1,1,3,2,1,4,1,1,No Stress - Currently experiencing minimal to no stress.
650,0,17,4,3,4,4,1,2,4,2,3,3,4,3,4,3,4,4,2,2,3,3,3,2,Eustress (Positive Stress) - Stress that motivates and enhances performance.
651,0,19,3,3,1,1,3,2,3,2,2,3,2,3,3,3,4,2,5,3,3,3,2,3,Eustress (Positive Stress) - Stress that motivates and enhances performance.
652,1,18,4,3,4,5,4,4,4,3,1,3,2,2,2,3,1,2,3,2,2,4,3,3,Eustress (Positive Stress) - Stress that motivates and enhances performance.
653,0,20,3,3,4,4,2,2,1,1,2,2,4,1,1,2,1,1,1,3,2,2,1,1,Eustress (Positive Stress) - Stress that motivates and enhances performance.
654,0,18,5,5,5,4,4,4,4,3,4,4,5,4,3,5,5,5,3,4,3,2,4,3,Distress (Negative Stress) - Stress that causes anxiety and impairs well-being.
655,1,18,2,3,1,2,4,3,2,2,4,1,4,3,1,3,2,2,2,1,1,1,4,1,Eustress (Positive Stress) - Stress that motivates and enhances performance.
656,0,20,4,3,5,4,4,4,3,4,5,4,3,2,2,3,4,4,3,2,3,3,2,4,Eustress (Positive Stress) - Stress that motivates and enhances performance.
657,0,19,2,3,2,1,2,1,3,2,2,2,3,2,2,3,3,3,3,4,3,1,1,1,Eustress (Positive Stress) - Stress that motivates and enhances performance.
658,1,20,3,2,3,4,5,4,4,5,4,5,2,1,1,4,3,3,3,1,1,3,3,2,Eustress (Positive Stress) - Stress that motivates and enhances performance.
659,0,19,3,2,1,1,2,4,1,1,2,1,2,5,5,5,2,4,4,4,3,3,2,2,Eustress (Positive Stress) - Stress that motivates and enhances performance.
660,1,19,2,1,3,2,4,3,3,2,3,2,2,1,1,3,2,3,1,1,1,4,1,1,Eustress (Positive Stress) - Stress that motivates and enhances performance.
661,1,20,2,2,5,3,1,3,1,2,3,2,3,2,1,3,1,1,2,2,2,1,1,2,Eustress (Positive Stress) - Stress that motivates and enhances performance.
662,0,18,3,2,2,4,3,2,2,2,4,4,3,1,1,3,1,3,3,1,1,3,2,1,Eustress (Positive Stress) - Stress that motivates and enhances performance.
663,0,18,2,1,5,3,1,1,1,3,3,5,3,1,1,3,2,1,1,1,5,1,1,3,Eustress (Positive Stress) - Stress that motivates and enhances performance.
664,0,21,2,2,5,5,4,2,1,1,5,3,2,1,1,2,1,1,3,2,3,2,1,5,Eustress (Positive Stress) - Stress that motivates and enhances performance.
665,0,18,3,4,5,1,3,3,4,1,1,2,2,1,1,3,3,3,2,3,3,4,2,3,Eustress (Positive Stress) - Stress that motivates and enhances performance.
666,0,24,2,3,1,2,1,2,2,4,3,3,5,2,2,5,4,5,5,5,5,5,5,4,Eustress (Positive Stress) - Stress that motivates and enhances performance.
667,0,21,3,4,4,2,3,5,2,1,2,3,3,1,1,4,2,2,1,4,2,3,3,2,Eustress (Positive Stress) - Stress that motivates and enhances performance.
668,0,21,1,2,1,2,3,3,4,2,3,4,2,2,3,3,2,2,2,2,2,1,2,2,Eustress (Positive Stress) - Stress that motivates and enhances performance.
669,1,19,4,2,1,2,1,2,1,2,2,1,2,5,2,5,3,5,4,5,5,5,5,5,Eustress (Positive Stress) - Stress that motivates and enhances performance.
670,1,18,3,2,1,1,1,1,2,2,1,4,1,2,3,5,1,1,1,3,3,3,1,1,No Stress - Currently experiencing minimal to no stress.
671,0,20,2,2,2,3,3,2,2,2,3,3,1,3,2,5,3,3,4,3,2,4,4,3,Eustress (Positive Stress) - Stress that motivates and enhances performance.
672,0,20,3,4,2,3,3,3,3,1,2,3,2,1,1,5,3,2,2,3,2,1,4,2,Eustress (Positive Stress) - Stress that motivates and enhances performance.
673,0,20,2,3,3,2,2,3,2,3,3,4,2,4,3,5,1,4,2,1,2,5,1,5,Eustress (Positive Stress) - Stress that motivates and enhances performance.
674,1,19,1,1,1,1,2,1,3,3,1,2,2,3,2,2,1,1,1,3,2,2,3,4,No Stress - Currently experiencing minimal to no stress.
675,0,19,2,1,3,4,3,3,4,2,4,2,4,2,3,4,1,1,4,3,3,4,1,2,Eustress (Positive Stress) - Stress that motivates and enhances performance.
676,0,17,3,2,2,1,2,1,1,1,1,5,3,1,1,4,1,2,4,5,4,1,2,3,Eustress (Positive Stress) - Stress that motivates and enhances performance.
677,1,17,3,3,1,3,2,2,1,4,3,5,1,3,4,5,1,2,3,3,2,5,2,3,Eustress (Positive Stress) - Stress that motivates and enhances performance.
678,0,18,3,3,1,1,1,1,4,1,5,5,1,2,1,2,1,3,5,1,2,1,2,1,Eustress (Positive Stress) - Stress that motivates and enhances performance.
679,0,20,3,3,1,1,1,2,3,3,1,5,1,2,3,3,4,5,4,4,2,2,3,1,Eustress (Positive Stress) - Stress that motivates and enhances performance.
680,0,18,3,3,4,3,3,3,3,1,2,2,3,1,5,3,1,1,5,2,2,1,3,3,Eustress (Positive Stress) - Stress that motivates and enhances performance.
681,0,18,4,2,1,3,2,1,1,1,1,5,2,2,1,4,1,1,5,1,2,4,4,3,Eustress (Positive Stress) - Stress that motivates and enhances performance.
682,0,19,3,2,4,3,2,2,1,4,3,3,4,1,1,1,5,5,4,3,3,2,3,4,Eustress (Positive Stress) - Stress that motivates and enhances performance.
683,0,18,3,3,4,3,1,1,4,2,2,1,3,3,2,4,2,2,4,5,3,3,3,4,Eustress (Positive Stress) - Stress that motivates and enhances performance.
684,0,20,3,3,1,1,1,1,1,2,5,1,1,1,1,2,2,3,2,2,4,3,4,3,Eustress (Positive Stress) - Stress that motivates and enhances performance.
685,0,20,2,3,3,3,4,2,4,3,4,2,2,4,2,3,1,2,4,3,3,3,3,3,Eustress (Positive Stress) - Stress that motivates and enhances performance.
686,1,20,3,3,1,3,1,1,1,2,2,1,2,3,3,5,2,1,4,3,1,1,2,1,Eustress (Positive Stress) - Stress that motivates and enhances performance.
687,1,19,2,3,2,5,2,2,1,2,3,3,3,1,2,2,5,4,5,3,1,2,1,3,Eustress (Positive Stress) - Stress that motivates and enhances performance.
688,0,19,2,3,2,3,2,5,4,2,3,2,3,3,5,4,3,3,4,3,3,3,3,3,Eustress (Positive Stress) - Stress that motivates and enhances performance.
689,0,20,2,2,1,3,2,2,1,4,3,3,2,3,3,1,1,3,4,2,2,1,3,4,Eustress (Positive Stress) - Stress that motivates and enhances performance.
690,0,20,5,2,5,3,2,3,1,1,3,2,3,1,2,1,1,5,1,2,5,1,1,1,Eustress (Positive Stress) - Stress that motivates and enhances performance.
691,1,19,2,3,1,2,1,1,1,2,2,1,1,1,1,2,2,1,2,2,4,4,3,4,No Stress - Currently experiencing minimal to no stress.
692,0,19,1,1,4,1,3,4,2,2,3,3,1,3,2,1,1,1,1,3,2,1,3,1,Eustress (Positive Stress) - Stress that motivates and enhances performance.
693,0,19,3,4,3,3,3,3,2,3,3,2,4,3,3,2,3,2,4,4,3,2,5,1,Eustress (Positive Stress) - Stress that motivates and enhances performance.
694,1,20,3,2,4,4,2,2,3,2,3,3,1,2,3,5,2,3,2,2,3,2,3,4,Eustress (Positive Stress) - Stress that motivates and enhances performance.
695,0,21,4,2,1,2,1,1,1,3,2,1,2,2,1,2,3,2,2,2,3,2,3,1,No Stress - Currently experiencing minimal to no stress.
696,0,19,3,2,4,4,4,3,3,4,4,4,2,3,3,3,2,3,2,3,3,2,3,1,Eustress (Positive Stress) - Stress that motivates and enhances performance.
697,1,24,3,2,2,4,1,4,2,2,1,1,2,3,4,1,1,2,4,1,1,1,4,5,Eustress (Positive Stress) - Stress that motivates and enhances performance.
698,1,20,3,2,3,4,1,3,1,3,4,3,1,4,2,4,3,3,3,5,5,3,1,4,Eustress (Positive Stress) - Stress that motivates and enhances performance.
699,0,19,2,3,3,2,2,3,3,3,2,5,2,4,3,3,2,2,4,2,2,3,4,4,Eustress (Positive Stress) - Stress that motivates and enhances performance.
700,0,19,4,3,4,5,1,4,1,4,2,2,4,3,3,2,3,3,4,2,3,2,2,2,Eustress (Positive Stress) - Stress that motivates and enhances performance.
701,1,19,2,2,1,2,2,3,4,3,3,3,3,3,3,1,1,1,3,1,2,1,3,4,Eustress (Positive Stress) - Stress that motivates and enhances performance.
702,0,20,2,2,3,4,3,2,3,1,2,3,3,1,1,3,4,3,3,2,1,1,5,4,Eustress (Positive Stress) - Stress that motivates and enhances performance.
703,0,19,4,3,4,1,2,1,1,1,2,3,3,3,2,1,4,1,2,5,4,1,2,5,Eustress (Positive Stress) - Stress that motivates and enhances performance.
704,0,18,3,4,2,1,5,3,3,3,2,3,1,3,3,5,5,3,4,3,3,4,4,4,Eustress (Positive Stress) - Stress that motivates and enhances performance.
705,1,19,4,3,3,5,3,3,3,2,4,2,2,4,1,5,3,1,3,1,3,3,1,4,Eustress (Positive Stress) - Stress that motivates and enhances performance.
706,0,19,2,2,5,5,2,1,1,5,1,2,3,1,1,1,2,4,3,1,5,4,1,1,Eustress (Positive Stress) - Stress that motivates and enhances performance.
707,0,19,3,3,5,1,1,3,1,4,2,2,1,4,4,2,5,2,4,2,1,4,2,2,Eustress (Positive Stress) - Stress that motivates and enhances performance.
708,0,19,1,2,5,3,2,3,3,2,2,3,3,1,1,3,3,3,4,1,1,3,1,1,Eustress (Positive Stress) - Stress that motivates and enhances performance.
709,0,19,2,2,3,2,3,5,3,3,3,4,2,1,2,5,4,1,3,3,2,2,2,4,Eustress (Positive Stress) - Stress that motivates and enhances performance.
710,1,20,4,2,3,5,3,3,2,3,2,2,3,4,2,2,3,5,3,2,3,2,5,2,Eustress (Positive Stress) - Stress that motivates and enhances performance.
711,0,20,3,2,2,2,1,3,2,3,3,2,2,1,2,1,5,4,4,3,2,1,2,2,Eustress (Positive Stress) - Stress that motivates and enhances performance.
712,0,20,1,1,2,1,3,3,3,3,4,3,3,1,2,1,1,4,4,2,3,1,3,2,Eustress (Positive Stress) - Stress that motivates and enhances performance.
713,1,19,3,4,3,5,1,2,1,2,1,1,1,1,1,3,3,3,3,1,2,4,1,4,Eustress (Positive Stress) - Stress that motivates and enhances performance.
714,1,19,1,2,3,2,4,1,3,3,2,2,3,2,3,1,3,4,3,3,3,1,4,3,Eustress (Positive Stress) - Stress that motivates and enhances performance.
715,0,20,3,3,2,3,1,3,3,3,4,2,1,2,3,3,4,4,4,2,2,2,3,4,Eustress (Positive Stress) - Stress that motivates and enhances performance.
716,0,20,4,3,2,1,2,4,1,3,1,4,1,3,2,3,5,1,3,3,3,2,2,4,Eustress (Positive Stress) - Stress that motivates and enhances performance.
717,1,20,2,2,1,3,2,2,3,2,4,2,3,1,1,4,3,4,1,1,1,1,1,3,Eustress (Positive Stress) - Stress that motivates and enhances performance.
718,0,20,5,2,2,3,1,1,1,3,1,2,2,1,1,1,3,4,4,4,3,2,3,3,Eustress (Positive Stress) - Stress that motivates and enhances performance.
719,1,21,4,3,2,1,2,2,2,5,2,1,1,1,1,3,3,4,2,4,1,1,1,2,Eustress (Positive Stress) - Stress that motivates and enhances performance.
720,1,19,2,2,1,3,1,1,1,1,1,1,3,5,4,1,3,3,3,5,3,3,5,4,Eustress (Positive Stress) - Stress that motivates and enhances performance.
721,1,20,3,2,2,2,3,3,5,3,1,3,1,2,3,2,2,3,2,3,1,5,5,3,Eustress (Positive Stress) - Stress that motivates and enhances performance.
722,1,21,3,3,4,3,5,2,3,3,2,1,3,2,4,4,3,4,5,2,4,3,1,3,Eustress (Positive Stress) - Stress that motivates and enhances performance.
723,0,19,3,2,3,2,5,3,4,3,3,2,1,1,2,5,5,4,4,5,5,4,1,5,Eustress (Positive Stress) - Stress that motivates and enhances performance.
724,0,22,2,3,4,2,2,4,4,4,4,4,4,2,3,3,4,1,5,3,4,2,4,2,Eustress (Positive Stress) - Stress that motivates and enhances performance.
725,0,21,1,1,2,1,5,3,4,3,1,1,1,1,2,1,3,5,3,2,2,2,3,2,Eustress (Positive Stress) - Stress that motivates and enhances performance.
726,0,22,4,4,2,1,5,5,5,5,5,5,2,1,5,5,5,5,4,5,5,5,5,5,Distress (Negative Stress) - Stress that causes anxiety and impairs well-being.
727,0,20,1,3,2,1,5,1,5,1,1,2,3,4,3,3,5,4,2,1,3,1,3,3,Eustress (Positive Stress) - Stress that motivates and enhances performance.
728,0,22,4,2,2,3,5,3,3,1,1,3,3,4,4,4,5,4,2,4,3,3,2,2,Eustress (Positive Stress) - Stress that motivates and enhances performance.
729,0,22,4,3,4,1,1,4,3,2,1,1,4,5,4,1,5,1,1,4,3,2,3,2,Eustress (Positive Stress) - Stress that motivates and enhances performance.
730,1,19,3,2,3,5,4,3,5,3,4,4,4,3,2,5,5,3,4,1,1,5,1,2,Eustress (Positive Stress) - Stress that motivates and enhances performance.
731,1,19,1,1,1,1,2,3,3,2,1,1,4,3,2,2,2,3,4,3,3,4,4,2,Eustress (Positive Stress) - Stress that motivates and enhances performance.
732,0,19,1,2,1,1,4,5,4,1,5,1,2,3,4,4,4,4,5,1,3,2,4,3,Eustress (Positive Stress) - Stress that motivates and enhances performance.
733,0,19,2,3,2,2,1,3,3,4,1,1,2,3,2,1,4,4,2,2,5,3,1,4,Eustress (Positive Stress) - Stress that motivates and enhances performance.
734,0,19,2,3,3,5,5,5,5,4,5,5,1,4,4,5,5,5,3,2,3,3,2,2,Distress (Negative Stress) - Stress that causes anxiety and impairs well-being.
735,1,20,2,3,3,1,2,1,1,3,2,2,2,1,1,1,2,4,4,2,1,1,1,2,No Stress - Currently experiencing minimal to no stress.
736,0,19,3,3,3,5,5,2,3,4,5,5,2,3,3,2,3,4,4,3,4,1,1,2,Eustress (Positive Stress) - Stress that motivates and enhances performance.
737,0,19,2,3,3,2,2,1,5,5,3,2,2,2,5,1,3,3,3,3,2,3,1,2,Eustress (Positive Stress) - Stress that motivates and enhances performance.
738,1,19,4,4,2,2,3,2,4,4,2,3,3,4,4,4,4,3,2,4,1,3,3,2,Eustress (Positive Stress) - Stress that motivates and enhances performance.
739,0,20,3,3,2,3,1,1,3,2,2,3,2,1,3,2,1,3,4,3,3,4,2,3,Eustress (Positive Stress) - Stress that motivates and enhances performance.
740,0,21,3,3,3,3,5,4,5,5,5,5,1,4,5,3,4,4,3,3,5,4,3,3,Distress (Negative Stress) - Stress that causes anxiety and impairs well-being.
741,1,19,2,3,3,1,3,1,4,1,2,2,1,4,1,1,5,4,4,3,4,1,2,4,Eustress (Positive Stress) - Stress that motivates and enhances performance.
742,1,19,3,2,3,4,3,4,3,1,3,1,2,3,3,5,4,3,3,4,2,5,3,1,Eustress (Positive Stress) - Stress that motivates and enhances performance.
743,0,21,3,3,3,1,1,2,2,2,1,3,2,3,5,2,4,4,4,4,3,2,3,4,Eustress (Positive Stress) - Stress that motivates and enhances performance.
744,0,20,3,2,3,1,2,2,2,1,4,1,1,4,2,3,2,2,2,3,3,2,4,2,Eustress (Positive Stress) - Stress that motivates and enhances performance.
745,1,19,3,2,3,2,4,3,4,2,2,4,1,3,3,2,4,4,2,3,3,1,3,3,Eustress (Positive Stress) - Stress that motivates and enhances performance.
746,0,21,4,1,1,5,5,2,5,3,1,3,3,2,3,1,4,4,3,1,1,2,1,5,Eustress (Positive Stress) - Stress that motivates and enhances performance.
747,0,19,1,3,1,5,1,2,3,2,1,1,2,1,3,4,5,2,3,3,2,5,1,2,Eustress (Positive Stress) - Stress that motivates and enhances performance.
748,0,17,1,1,2,5,1,2,2,5,3,3,3,3,3,3,4,2,5,3,3,3,3,4,Eustress (Positive Stress) - Stress that motivates and enhances performance.
749,1,100,5,5,1,2,2,4,3,3,3,3,5,3,2,3,4,5,1,4,1,1,2,1,Eustress (Positive Stress) - Stress that motivates and enhances performance.
750,0,18,2,1,3,4,4,1,4,2,5,1,3,1,2,5,1,2,5,1,1,1,5,1,Eustress (Positive Stress) - Stress that motivates and enhances performance.
751,0,19,1,2,3,2,1,2,5,1,1,1,2,3,2,1,2,2,3,4,4,2,4,2,Eustress (Positive Stress) - Stress that motivates and enhances performance.
752,0,18,2,2,3,2,2,2,1,2,2,3,5,3,3,1,1,3,5,1,1,1,2,1,Eustress (Positive Stress) - Stress that motivates and enhances performance.
753,0,19,2,1,2,3,5,3,4,3,3,3,4,5,4,2,4,3,3,1,2,3,3,2,Eustress (Positive Stress) - Stress that motivates and enhances performance.
754,1,18,2,3,2,5,2,2,1,3,4,2,4,3,2,3,2,2,4,4,2,2,3,5,Eustress (Positive Stress) - Stress that motivates and enhances performance.
755,0,18,2,1,4,3,3,3,3,1,3,2,2,3,2,2,2,3,5,1,2,3,3,2,Eustress (Positive Stress) - Stress that motivates and enhances performance.
756,0,17,2,3,2,3,4,4,4,3,3,3,4,3,3,3,2,4,4,1,2,2,3,3,Eustress (Positive Stress) - Stress that motivates and enhances performance.
757,1,18,5,1,2,1,1,1,1,1,1,1,4,2,1,2,4,3,4,1,1,1,2,1,No Stress - Currently experiencing minimal to no stress.
758,1,17,2,1,3,5,5,2,5,4,5,3,3,1,2,3,3,2,4,2,3,3,3,4,Eustress (Positive Stress) - Stress that motivates and enhances performance.
759,0,18,1,1,4,2,2,4,1,1,2,3,1,3,2,2,4,4,4,2,3,2,3,3,Eustress (Positive Stress) - Stress that motivates and enhances performance.
760,0,18,1,5,1,2,2,1,2,2,2,1,2,4,4,3,4,2,4,3,2,3,3,2,Eustress (Positive Stress) - Stress that motivates and enhances performance.
761,1,19,1,2,1,2,3,4,5,2,2,3,3,2,2,1,3,5,5,1,1,1,2,1,Eustress (Positive Stress) - Stress that motivates and enhances performance.
762,0,19,5,3,3,2,4,1,3,1,2,1,5,1,2,3,3,5,5,1,1,4,3,3,Eustress (Positive Stress) - Stress that motivates and enhances performance.
763,1,19,2,1,3,2,1,2,3,2,3,2,2,2,1,1,2,2,4,1,1,4,5,1,Eustress (Positive Stress) - Stress that motivates and enhances performance.
764,1,18,1,3,4,3,1,1,2,1,2,1,3,1,1,3,4,1,4,5,4,5,1,5,Eustress (Positive Stress) - Stress that motivates and enhances performance.
765,1,19,5,3,1,3,1,1,2,3,3,5,4,3,3,1,3,3,3,2,3,3,3,5,Eustress (Positive Stress) - Stress that motivates and enhances performance.
766,1,19,2,1,4,5,1,2,3,5,5,3,2,2,1,4,3,2,4,2,4,2,3,1,Eustress (Positive Stress) - Stress that motivates and enhances performance.
767,0,18,3,3,1,4,5,4,3,3,4,3,4,4,3,3,3,5,4,3,5,3,1,5,Eustress (Positive Stress) - Stress that motivates and enhances performance.
768,1,17,1,2,4,4,3,4,3,2,2,4,1,3,2,3,1,1,1,3,3,5,4,2,Eustress (Positive Stress) - Stress that motivates and enhances performance.
769,0,19,4,3,2,2,3,3,3,2,3,3,2,2,2,4,2,4,4,2,2,3,2,2,Eustress (Positive Stress) - Stress that motivates and enhances performance.
770,0,18,4,2,2,3,4,4,1,3,4,4,3,3,3,4,3,4,4,3,4,5,2,4,Eustress (Positive Stress) - Stress that motivates and enhances performance.
771,1,19,2,2,2,2,2,3,1,1,3,3,1,3,2,1,3,2,4,1,3,4,2,2,Eustress (Positive Stress) - Stress that motivates and enhances performance.
772,1,21,4,1,4,4,4,5,3,2,5,4,4,3,3,5,3,3,3,3,4,3,3,4,Eustress (Positive Stress) - Stress that motivates and enhances performance.
773,0,20,4,1,3,4,2,2,2,1,4,4,2,1,1,5,5,5,3,3,5,5,1,4,Eustress (Positive Stress) - Stress that motivates and enhances performance.
774,0,20,5,1,3,4,4,1,4,1,2,1,3,4,2,4,4,3,4,4,3,5,5,2,Eustress (Positive Stress) - Stress that motivates and enhances performance.
775,1,21,4,3,2,1,5,5,5,5,3,4,3,5,4,4,5,5,4,3,3,3,5,5,Distress (Negative Stress) - Stress that causes anxiety and impairs well-being.
776,0,20,2,1,5,1,4,3,2,2,4,1,2,1,4,1,3,4,1,2,3,4,1,4,Eustress (Positive Stress) - Stress that motivates and enhances performance.
777,1,20,4,5,2,1,3,3,3,1,3,4,4,1,3,5,1,3,5,3,4,1,3,2,Eustress (Positive Stress) - Stress that motivates and enhances performance.
778,1,20,5,1,3,2,2,1,1,3,3,2,1,2,3,2,5,5,5,3,4,4,5,3,Eustress (Positive Stress) - Stress that motivates and enhances performance.
779,1,21,5,1,3,4,2,2,4,1,4,2,1,1,4,2,3,5,4,4,3,2,2,3,Eustress (Positive Stress) - Stress that motivates and enhances performance.
780,1,20,5,2,2,1,4,4,2,4,4,3,3,2,3,1,4,5,4,3,3,3,3,3,Eustress (Positive Stress) - Stress that motivates and enhances performance.
781,0,21,2,5,3,4,5,5,1,3,4,2,1,3,2,2,1,5,1,1,1,5,3,1,Eustress (Positive Stress) - Stress that motivates and enhances performance.
782,1,19,4,1,2,1,3,1,1,1,1,2,5,2,1,5,5,5,3,1,3,2,3,2,Eustress (Positive Stress) - Stress that motivates and enhances performance.
783,0,21,2,5,2,2,2,1,3,3,1,2,2,5,3,3,2,2,3,3,3,4,3,3,Eustress (Positive Stress) - Stress that motivates and enhances performance.
784,0,20,4,2,5,3,3,2,3,3,1,4,3,3,3,1,4,4,4,2,4,1,2,1,Eustress (Positive Stress) - Stress that motivates and enhances performance.
785,1,20,4,2,3,2,4,4,5,1,4,1,2,2,1,1,1,4,4,5,1,1,2,1,Eustress (Positive Stress) - Stress that motivates and enhances performance.
786,1,21,5,3,3,1,5,1,1,1,2,2,5,1,3,2,5,5,5,4,4,2,2,4,Eustress (Positive Stress) - Stress that motivates and enhances performance.
787,0,21,3,3,2,2,1,2,2,3,2,2,3,2,3,1,1,2,4,2,1,1,3,1,Eustress (Positive Stress) - Stress that motivates and enhances performance.
788,0,21,5,1,2,3,4,5,3,3,4,3,3,3,5,3,2,3,4,3,1,2,4,2,Eustress (Positive Stress) - Stress that motivates and enhances performance.
789,1,22,2,4,3,3,1,2,4,2,1,2,3,3,3,2,1,3,3,3,4,5,2,2,Eustress (Positive Stress) - Stress that motivates and enhances performance.
790,0,20,4,1,1,3,3,3,3,2,3,3,4,1,3,3,4,4,3,3,1,2,2,2,Eustress (Positive Stress) - Stress that motivates and enhances performance.
791,0,22,2,1,1,3,5,5,3,4,1,5,2,5,5,3,4,1,3,5,3,5,4,3,Eustress (Positive Stress) - Stress that motivates and enhances performance.
792,0,20,4,2,2,2,2,4,1,1,2,3,3,2,1,4,1,4,4,1,2,4,4,3,Eustress (Positive Stress) - Stress that motivates and enhances performance.
793,1,20,3,2,2,2,3,3,5,4,2,3,2,1,1,1,5,2,4,3,3,2,3,4,Eustress (Positive Stress) - Stress that motivates and enhances performance.
794,0,20,2,3,3,4,1,2,2,2,3,1,3,3,2,4,2,3,3,5,3,3,3,4,Eustress (Positive Stress) - Stress that motivates and enhances performance.
795,0,21,1,1,2,2,4,2,2,2,1,2,1,1,1,2,2,5,4,2,4,3,4,3,Eustress (Positive Stress) - Stress that motivates and enhances performance.
796,0,21,3,2,3,2,2,4,2,3,1,4,1,4,2,3,1,2,2,3,3,3,3,3,Eustress (Positive Stress) - Stress that motivates and enhances performance.
797,0,20,4,4,5,3,1,5,2,2,5,5,4,3,3,5,2,4,4,3,1,1,2,1,Eustress (Positive Stress) - Stress that motivates and enhances performance.
798,1,20,3,4,2,4,1,3,3,2,2,1,2,1,2,2,5,3,1,3,1,2,1,3,Eustress (Positive Stress) - Stress that motivates and enhances performance.
799,0,20,2,3,1,1,3,2,2,2,5,1,2,3,5,4,3,1,4,3,3,3,3,3,Eustress (Positive Stress) - Stress that motivates and enhances performance.
800,0,20,5,4,3,1,3,3,3,4,1,2,1,3,3,1,1,1,2,2,2,1,3,4,Eustress (Positive Stress) - Stress that motivates and enhances performance.
801,1,20,3,4,3,3,5,4,5,1,2,4,3,1,2,1,1,1,5,2,5,1,1,1,Eustress (Positive Stress) - Stress that motivates and enhances performance.
802,1,20,3,3,3,3,1,5,4,2,2,1,2,1,1,2,2,3,3,2,4,4,3,4,Eustress (Positive Stress) - Stress that motivates and enhances performance.
803,0,20,3,4,2,4,2,1,2,2,3,2,4,3,2,1,1,3,4,3,2,1,3,1,Eustress (Positive Stress) - Stress that motivates and enhances performance.
804,0,20,2,2,1,1,3,4,3,3,2,5,2,3,3,2,3,2,5,4,3,2,5,1,Eustress (Positive Stress) - Stress that motivates and enhances performance.
805,1,20,5,5,5,4,4,1,5,2,2,2,5,2,3,5,2,5,5,2,3,2,3,4,Distress (Negative Stress) - Stress that causes anxiety and impairs well-being.
806,0,20,3,2,2,1,3,3,4,3,4,3,1,2,1,2,3,2,1,2,3,2,3,1,Eustress (Positive Stress) - Stress that motivates and enhances performance.
807,1,21,3,4,1,4,3,4,2,4,3,4,2,3,3,3,2,3,1,3,3,2,3,1,Eustress (Positive Stress) - Stress that motivates and enhances performance.
808,1,19,2,1,1,2,1,1,3,1,3,1,1,1,1,1,1,3,5,1,2,1,2,1,No Stress - Currently experiencing minimal to no stress.
809,1,20,5,3,2,2,5,5,4,2,3,5,1,3,4,4,3,3,3,2,3,3,1,2,Eustress (Positive Stress) - Stress that motivates and enhances performance.
810,1,20,3,4,2,2,2,1,3,4,3,2,2,3,1,3,2,2,2,2,3,3,3,2,Eustress (Positive Stress) - Stress that motivates and enhances performance.
811,0,18,3,2,2,4,2,2,5,1,3,2,2,1,2,2,3,2,1,4,3,2,4,3,Eustress (Positive Stress) - Stress that motivates and enhances performance.
812,0,20,5,2,3,3,2,5,4,4,4,3,1,3,2,1,1,2,2,2,2,1,2,1,Eustress (Positive Stress) - Stress that motivates and enhances performance.
813,0,19,4,4,4,3,2,3,2,1,3,4,3,1,1,3,4,3,5,2,3,1,1,1,Eustress (Positive Stress) - Stress that motivates and enhances performance.
814,1,18,3,2,4,2,3,3,3,2,2,1,3,2,2,1,4,3,4,1,5,1,2,1,Eustress (Positive Stress) - Stress that motivates and enhances performance.
815,1,19,4,5,3,5,2,2,4,1,5,1,3,1,1,5,5,2,4,1,1,4,1,5,Eustress (Positive Stress) - Stress that motivates and enhances performance.
816,1,18,1,1,1,2,3,2,3,1,2,1,2,5,3,5,3,1,5,3,3,3,3,2,Eustress (Positive Stress) - Stress that motivates and enhances performance.
817,1,19,3,4,3,3,5,3,3,2,2,1,1,3,5,1,2,2,3,1,3,4,2,2,Eustress (Positive Stress) - Stress that motivates and enhances performance.
818,0,18,3,4,2,3,4,3,4,4,4,5,1,3,3,5,3,3,2,3,1,5,4,3,Eustress (Positive Stress) - Stress that motivates and enhances performance.
819,0,20,1,2,1,2,2,3,4,4,1,3,2,4,2,2,5,2,3,2,4,3,3,3,Eustress (Positive Stress) - Stress that motivates and enhances performance.
820,0,19,2,3,2,3,2,4,4,3,4,4,1,1,5,4,3,5,3,5,2,3,5,4,Eustress (Positive Stress) - Stress that motivates and enhances performance.
821,0,19,2,2,3,2,1,1,1,1,1,1,3,1,1,1,3,3,4,1,1,1,1,1,No Stress - Currently experiencing minimal to no stress.
822,0,18,5,5,1,2,1,1,1,1,1,1,2,2,1,3,1,2,1,1,1,2,1,2,No Stress - Currently experiencing minimal to no stress.
823,0,19,1,1,1,5,1,1,1,1,5,1,2,5,1,2,1,1,4,1,2,1,3,1,No Stress - Currently experiencing minimal to no stress.
824,0,19,3,4,2,3,3,5,4,2,2,3,3,1,2,4,3,2,3,2,1,5,4,1,Eustress (Positive Stress) - Stress that motivates and enhances performance.
825,1,19,3,4,3,3,1,3,2,4,4,5,3,2,5,2,3,3,3,3,1,3,4,2,Eustress (Positive Stress) - Stress that motivates and enhances performance.
826,1,21,4,4,2,2,2,1,2,1,3,1,2,1,2,3,2,3,4,1,2,3,2,3,Eustress (Positive Stress) - Stress that motivates and enhances performance.
827,1,19,3,2,1,2,1,2,4,2,3,3,2,5,1,1,2,1,2,1,5,5,2,5,Eustress (Positive Stress) - Stress that motivates and enhances performance.
828,1,19,4,4,3,1,5,3,2,3,5,1,1,1,2,2,3,3,2,1,4,2,1,1,Eustress (Positive Stress) - Stress that motivates and enhances performance.
829,1,14,2,2,1,1,4,3,4,4,4,5,1,3,3,5,2,1,5,3,1,5,4,3,Eustress (Positive Stress) - Stress that motivates and enhances performance.
830,0,19,2,3,3,2,2,3,3,4,4,3,2,4,2,2,2,2,5,2,4,3,3,3,Eustress (Positive Stress) - Stress that motivates and enhances performance.
831,0,19,5,4,4,3,3,3,3,3,2,3,3,3,2,2,1,1,5,2,2,2,2,2,Eustress (Positive Stress) - Stress that motivates and enhances performance.
832,0,17,3,3,4,3,4,1,3,4,3,4,2,4,3,4,1,2,5,3,2,4,3,3,Eustress (Positive Stress) - Stress that motivates and enhances performance.
833,0,20,4,3,3,4,3,1,3,3,2,2,3,3,1,2,3,3,2,2,2,3,3,1,Eustress (Positive Stress) - Stress that motivates and enhances performance.
834,0,21,4,4,4,4,5,3,3,5,4,4,2,4,2,4,2,1,5,3,3,4,3,3,Eustress (Positive Stress) - Stress that motivates and enhances performance.
835,0,19,5,4,4,5,4,2,4,2,4,2,3,4,1,4,3,3,2,1,1,5,1,3,Eustress (Positive Stress) - Stress that motivates and enhances performance.
836,1,36,3,2,2,3,2,4,3,1,4,4,3,1,1,2,1,1,3,2,5,3,4,4,Eustress (Positive Stress) - Stress that motivates and enhances performance.
837,0,21,3,2,1,3,3,1,2,1,1,3,4,2,2,3,2,3,2,2,2,3,1,1,Eustress (Positive Stress) - Stress that motivates and enhances performance.
838,0,21,3,4,2,3,4,1,5,4,1,3,2,2,1,4,1,2,2,2,3,3,5,3,Eustress (Positive Stress) - Stress that motivates and enhances performance.
839,1,19,3,2,1,2,3,1,2,2,1,2,1,4,1,2,1,2,3,1,1,3,1,1,No Stress - Currently experiencing minimal to no stress.
840,1,19,4,4,3,4,3,1,2,3,2,2,3,2,3,3,1,4,5,2,2,2,1,2,Eustress (Positive Stress) - Stress that motivates and enhances performance.
841,0,20,5,4,3,4,4,2,4,4,4,3,1,3,2,3,5,4,5,2,2,4,1,1,Eustress (Positive Stress) - Stress that motivates and enhances performance.
842,0,19,4,3,1,3,4,2,1,3,1,4,4,1,1,1,2,2,5,1,1,1,3,3,Eustress (Positive Stress) - Stress that motivates and enhances performance.
